Home,Away,Odds_1,Odds_X,Odds_2,O_2.5,U_2.5
Burnley,Man City,8.0,5.5,1.33,1.67,2.2
Arsenal,Nott'm Forest,1.18,7.0,15.0,1.44,2.75
Bournemouth,West Ham,2.7,3.4,2.55,1.9,2.0
Brighton,Luton,1.33,5.5,9.0,1.62,2.3
Everton,Fulham,2.2,3.4,3.3,2.01,1.89
Sheffield United,Crystal Palace,3.0,3.3,2.38,2.2,1.67
Newcastle,Aston Villa,1.75,3.75,4.6,1.73,2.1
Brentford,Tottenham,2.75,3.4,2.45,1.73,2.1
Chelsea,Liverpool,2.9,3.4,2.38,1.67,2.2
Man United,Wolves,1.33,5.5,9.0,1.62,2.3
Nott'm Forest,Sheffield United,1.95,3.4,4.0,2.2,1.67
Fulham,Brentford,2.7,3.3,2.63,1.96,1.94
Liverpool,Bournemouth,1.2,7.0,13.0,1.33,3.4
Wolves,Brighton,4.0,3.8,1.85,1.73,2.1
Tottenham,Man United,2.8,3.6,2.38,1.57,2.38
Man City,Newcastle,1.67,4.0,5.0,1.73,2.1
Aston Villa,Everton,1.7,4.0,4.5,1.92,1.98
West Ham,Chelsea,3.75,3.5,2.0,1.96,1.94
Crystal Palace,Arsenal,5.5,4.0,1.6,1.94,1.96
Chelsea,Luton,1.29,5.5,11.0,1.67,2.2
Bournemouth,Tottenham,3.8,3.75,1.91,1.53,2.5
Arsenal,Fulham,1.2,7.0,13.0,1.44,2.75
Brentford,Crystal Palace,2.15,3.4,3.5,2.1,1.73
Everton,Wolves,2.3,3.3,3.2,2.1,1.73
Man United,Nott'm Forest,1.3,6.0,8.0,1.5,2.63
Brighton,West Ham,1.53,4.75,5.25,1.5,2.63
Burnley,Aston Villa,3.4,3.4,2.15,1.86,2.04
Sheffield United,Man City,13.0,8.0,1.17,1.57,2.38
Newcastle,Liverpool,2.2,3.75,3.0,1.5,2.63
Luton,West Ham,4.75,3.8,1.73,1.87,2.03
Sheffield United,Everton,2.9,3.25,2.5,2.2,1.67
Brentford,Bournemouth,1.73,3.8,4.75,1.73,2.1
Burnley,Tottenham,3.6,4.0,1.85,1.62,2.3
Chelsea,Nott'm Forest,1.4,4.5,8.5,1.62,2.3
Man City,Fulham,1.17,8.0,15.0,1.4,3.0
Brighton,Newcastle,2.5,3.8,2.55,1.5,2.63
Crystal Palace,Wolves,1.91,3.3,4.33,2.2,1.67
Liverpool,Aston Villa,1.65,4.5,4.5,1.4,3.0
Arsenal,Man United,1.75,3.8,4.5,1.57,2.38
Wolves,Liverpool,6.0,5.0,1.45,1.44,2.75
Aston Villa,Crystal Palace,1.91,3.6,4.0,1.89,2.01
Fulham,Luton,1.67,3.75,5.5,1.89,2.01
Man United,Brighton,2.15,4.0,2.88,1.44,2.75
Tottenham,Sheffield United,1.29,5.5,11.0,1.5,2.63
West Ham,Man City,7.0,4.5,1.45,1.62,2.3
Newcastle,Brentford,1.53,4.2,6.0,1.67,2.2
Bournemouth,Chelsea,4.33,3.75,1.8,1.67,2.2
Everton,Arsenal,6.0,4.5,1.5,1.67,2.2
Nott'm Forest,Burnley,2.2,3.5,3.25,1.92,1.98
Crystal Palace,Fulham,1.91,3.4,4.2,2.0,1.8
Luton,Wolves,3.25,3.4,2.2,2.02,1.88
Man City,Nott'm Forest,1.14,8.5,15.0,1.4,3.0
Brentford,Everton,1.8,3.8,4.2,1.95,1.95
Burnley,Man United,4.2,4.2,1.73,1.62,2.3
Arsenal,Tottenham,1.67,4.33,4.33,1.5,2.63
Brighton,Bournemouth,1.36,5.25,7.5,1.36,3.2
Chelsea,Aston Villa,1.91,3.75,3.8,1.73,2.1
Liverpool,West Ham,1.4,5.0,7.0,1.4,3.0
Sheffield United,Newcastle,7.0,4.75,1.44,1.67,2.2
Aston Villa,Brighton,2.55,3.75,2.55,1.44,2.75
Bournemouth,Arsenal,5.5,4.5,1.53,1.53,2.5
Everton,Luton,1.57,3.8,6.5,2.05,1.85
Man United,Crystal Palace,1.55,4.2,5.75,1.8,2.0
Newcastle,Burnley,1.3,5.75,9.0,1.53,2.5
West Ham,Sheffield United,1.45,4.5,7.0,1.67,2.2
Wolves,Man City,8.0,5.75,1.33,1.53,2.5
Tottenham,Liverpool,2.9,4.0,2.15,1.36,3.2
Nott'm Forest,Brentford,2.75,3.1,2.7,2.1,1.73
Fulham,Chelsea,3.6,3.5,2.05,1.98,1.92
Luton,Burnley,2.9,3.0,2.63,2.2,1.65
Luton,Tottenham,6.0,4.75,1.45,1.53,2.4
Burnley,Chelsea,4.5,3.8,1.73,1.85,2.05
Everton,Bournemouth,1.91,3.6,3.8,1.85,2.05
Fulham,Sheffield United,1.62,3.8,6.0,1.96,1.94
Man United,Brentford,1.67,4.2,4.75,1.65,2.2
Crystal Palace,Nott'm Forest,2.2,3.1,3.6,2.25,1.62
Brighton,Liverpool,3.0,3.8,2.2,1.36,3.1
West Ham,Newcastle,3.2,3.75,2.1,1.7,2.1
Wolves,Aston Villa,3.5,3.4,2.1,1.75,2.05
Arsenal,Man City,2.9,3.3,2.4,1.75,2.05
Liverpool,Everton,1.33,5.75,7.5,1.4,2.88
Bournemouth,Wolves,2.38,3.4,3.0,1.85,2.05
Brentford,Burnley,1.83,3.75,4.2,1.95,1.95
Man City,Brighton,1.4,5.25,6.5,1.36,3.1
Newcastle,Crystal Palace,1.45,4.5,7.0,1.85,2.05
Nott'm Forest,Luton,1.67,3.75,5.5,2.08,1.82
Chelsea,Arsenal,3.2,3.4,2.25,1.98,1.92
Sheffield United,Man United,6.5,5.25,1.4,1.53,2.4
Aston Villa,West Ham,1.85,3.6,4.0,1.57,2.35
Tottenham,Fulham,1.5,4.5,6.0,1.5,2.5
Crystal Palace,Tottenham,4.5,3.75,1.75,1.94,1.96
Chelsea,Brentford,1.65,4.0,5.25,1.8,2.0
Arsenal,Sheffield United,1.13,8.5,19.0,1.36,3.1
Bournemouth,Burnley,2.15,3.5,3.3,1.75,2.05
Wolves,Newcastle,4.2,4.0,1.75,1.75,2.05
West Ham,Everton,2.15,3.5,3.3,1.73,2.08
Aston Villa,Luton,1.25,6.5,9.5,1.48,2.6
Brighton,Fulham,1.55,4.2,5.5,1.5,2.5
Liverpool,Nott'm Forest,1.29,5.75,11.0,1.4,2.88
Man United,Man City,5.0,3.8,1.67,1.7,2.1
Fulham,Man United,3.2,3.6,2.2,1.75,2.05
Brentford,West Ham,2.05,3.6,3.5,1.73,2.08
Burnley,Crystal Palace,2.75,3.25,2.6,2.2,1.65
Everton,Brighton,3.1,3.6,2.2,1.57,2.35
Man City,Bournemouth,1.1,11.0,19.0,1.29,3.6
Sheffield United,Wolves,3.8,3.5,2.0,1.91,1.99
Newcastle,Arsenal,2.8,3.2,2.6,1.95,1.95
Nott'm Forest,Aston Villa,4.2,3.75,1.85,1.73,2.08
Luton,Liverpool,12.0,6.5,1.22,1.36,3.1
Tottenham,Chelsea,2.0,3.75,3.5,1.7,2.1
Wolves,Tottenham,3.1,3.75,2.2,1.62,2.25
Arsenal,Burnley,1.18,7.0,17.0,1.48,2.6
Crystal Palace,Everton,2.45,3.2,3.0,2.25,1.62
Man United,Luton,1.33,5.25,9.5,1.53,2.4
Bournemouth,Newcastle,4.75,4.0,1.73,1.7,2.1
Aston Villa,Fulham,1.57,4.2,5.5,1.7,2.1
Brighton,Sheffield United,1.25,5.75,13.0,1.4,2.88
Liverpool,Brentford,1.4,5.0,6.5,1.44,2.7
West Ham,Nott'm Forest,1.85,3.6,4.0,1.75,2.05
Chelsea,Man City,5.0,3.7,1.73,1.88,2.02
Man City,Liverpool,1.73,4.2,4.2,1.48,2.6
Burnley,West Ham,3.4,3.5,2.05,1.75,2.05
Luton,Crystal Palace,3.6,3.3,2.1,2.15,1.67
Newcastle,Chelsea,2.55,3.5,2.63,1.86,2.04
Nott'm Forest,Brighton,3.2,3.6,2.15,1.73,2.08
Sheffield United,Bournemouth,3.2,3.5,2.2,1.85,2.05
Brentford,Arsenal,4.5,3.75,1.75,1.9,2.0
Tottenham,Aston Villa,2.3,3.8,2.8,1.5,2.5
Everton,Man United,2.7,3.4,2.55,1.85,2.05
Fulham,Wolves,2.38,3.3,3.0,2.08,1.73
Arsenal,Wolves,1.25,5.5,12.0,1.65,2.2
Brentford,Luton,1.45,4.5,6.5,1.7,2.1
Burnley,Sheffield United,1.8,3.6,4.5,2.06,1.84
Nott'm Forest,Everton,2.75,3.25,2.6,2.05,1.75
Newcastle,Man United,1.91,3.75,3.8,1.67,2.15
Bournemouth,Aston Villa,3.4,4.0,1.95,1.53,2.4
Chelsea,Brighton,1.73,4.2,4.2,1.53,2.4
Liverpool,Fulham,1.25,6.5,9.0,1.4,2.88
West Ham,Crystal Palace,2.0,3.5,3.8,2.04,1.86
Man City,Tottenham,1.29,6.0,9.0,1.36,3.1
Wolves,Burnley,1.85,3.6,4.2,2.05,1.85
Luton,Arsenal,17.0,7.0,1.18,1.65,2.2
Brighton,Brentford,1.91,3.8,3.75,1.62,2.25
Crystal Palace,Bournemouth,2.25,3.5,3.1,2.01,1.89
Fulham,Nott'm Forest,2.0,3.4,3.75,2.06,1.84
Sheffield United,Liverpool,12.0,7.5,1.2,1.33,3.4
Aston Villa,Man City,4.75,4.2,1.7,1.53,2.4
Man United,Chelsea,2.88,3.4,2.45,1.65,2.2
Everton,Newcastle,3.25,3.25,2.25,1.96,1.94
Tottenham,West Ham,1.75,4.2,4.2,1.5,2.5
Crystal Palace,Liverpool,6.0,4.5,1.5,1.65,2.2
Brighton,Burnley,1.5,4.75,6.0,1.57,2.35
Man United,Bournemouth,1.55,4.33,5.75,1.5,2.5
Sheffield United,Brentford,4.2,3.8,1.75,1.95,1.95
Wolves,Nott'm Forest,1.85,3.6,4.33,2.06,1.84
Aston Villa,Arsenal,3.3,3.6,2.1,1.7,2.1
Everton,Chelsea,3.1,3.5,2.25,1.75,2.05
Fulham,West Ham,2.38,3.5,2.9,1.9,2.0
Luton,Man City,17.0,8.0,1.14,1.36,3.1
Tottenham,Newcastle,2.15,3.8,3.1,1.53,2.4
Nott'm Forest,Tottenham,4.2,4.2,1.73,1.62,2.25
Chelsea,Sheffield United,1.22,6.5,13.0,1.5,2.5
Man City,Crystal Palace,1.18,8.0,13.0,1.44,2.7
Newcastle,Fulham,1.8,3.8,4.0,1.7,2.1
Burnley,Everton,3.6,3.4,2.1,2.05,1.75
Arsenal,Brighton,1.44,5.0,6.0,1.53,2.4
Brentford,Aston Villa,3.2,3.75,2.1,1.7,2.1
West Ham,Wolves,2.15,3.5,3.3,1.95,1.95
Liverpool,Man United,1.3,6.0,8.0,1.33,3.4
Crystal Palace,Brighton,3.3,3.3,2.15,1.99,1.91
Aston Villa,Sheffield United,1.22,6.5,12.0,1.44,2.7
West Ham,Man United,2.6,3.6,2.6,1.7,2.1
Fulham,Burnley,1.67,3.75,5.25,1.92,1.98
Luton,Newcastle,4.75,4.2,1.65,1.75,2.05
Nott'm Forest,Bournemouth,2.75,3.4,2.55,1.95,1.95
Tottenham,Everton,1.75,4.2,4.0,1.53,2.4
Liverpool,Arsenal,2.38,3.6,2.8,1.7,2.1
Wolves,Chelsea,3.75,3.75,1.91,1.86,2.04
Newcastle,Nott'm Forest,1.5,4.33,5.75,1.8,2.0
Bournemouth,Fulham,2.15,3.6,3.2,1.73,2.08
Sheffield United,Luton,2.3,3.3,3.1,2.1,1.7
Burnley,Liverpool,6.5,5.25,1.4,1.44,2.7
Man United,Aston Villa,2.6,3.5,2.6,1.62,2.25
Brentford,Wolves,1.95,3.5,4.2,2.03,1.87
Chelsea,Crystal Palace,1.67,4.0,5.0,1.91,1.99
Everton,Man City,5.75,4.0,1.57,1.73,2.08
Brighton,Tottenham,2.5,3.6,2.6,1.44,2.7
Arsenal,West Ham,1.33,5.5,7.5,1.57,2.35
Luton,Chelsea,6.5,4.2,1.5,1.65,2.2
Aston Villa,Burnley,1.36,5.25,7.5,1.57,2.35
Crystal Palace,Brentford,2.2,3.3,3.4,2.15,1.67
Man City,Sheffield United,1.08,11.0,29.0,1.3,3.5
Wolves,Everton,2.63,3.3,2.7,2.05,1.75
Nott'm Forest,Man United,3.2,3.6,2.15,1.73,2.08
Fulham,Arsenal,5.25,4.5,1.55,1.73,2.08
Tottenham,Bournemouth,1.75,4.2,4.0,1.4,2.88
Liverpool,Newcastle,1.45,4.5,7.0,1.44,2.7
West Ham,Brighton,2.45,3.75,2.75,1.6,2.3
Burnley,Luton,2.0,3.6,3.6,1.99,1.91
Chelsea,Fulham,1.6,4.2,5.25,1.62,2.25
Newcastle,Man City,5.5,4.33,1.55,1.6,2.3
Everton,Aston Villa,2.8,3.5,2.45,1.73,2.08
Man United,Tottenham,2.2,3.75,3.0,1.48,2.6
Arsenal,Crystal Palace,1.3,5.75,9.0,1.73,2.08
Brentford,Nott'm Forest,1.91,3.6,4.0,1.86,2.04
Sheffield United,West Ham,3.4,3.3,2.2,2.05,1.75
Bournemouth,Liverpool,4.2,4.5,1.7,1.44,2.7
Brighton,Wolves,1.65,4.33,5.0,1.62,2.25
Nott'm Forest,Arsenal,7.5,5.0,1.4,1.62,2.25
Fulham,Everton,2.45,3.2,3.0,2.05,1.75
Luton,Brighton,4.2,4.2,1.75,1.65,2.2
Crystal Palace,Sheffield United,1.62,3.6,6.5,2.08,1.73
Aston Villa,Newcastle,1.85,4.0,3.8,1.5,2.5
Man City,Burnley,1.08,12.0,21.0,1.33,3.4
Tottenham,Brentford,1.67,4.2,4.75,1.5,2.5
Liverpool,Chelsea,1.57,4.33,5.25,1.44,2.7
West Ham,Bournemouth,2.4,3.75,2.75,1.62,2.25
Wolves,Man United,2.63,3.6,2.55,1.75,2.05
Everton,Tottenham,3.0,3.6,2.25,1.62,2.25
Brighton,Crystal Palace,1.7,4.0,4.75,1.73,2.08
Burnley,Fulham,2.9,3.4,2.38,1.99,1.91
Newcastle,Luton,1.44,4.75,6.5,1.57,2.35
Sheffield United,Aston Villa,5.25,4.2,1.62,1.62,2.25
Bournemouth,Nott'm Forest,1.7,4.2,4.5,1.65,2.2
Chelsea,Wolves,1.62,4.0,5.5,1.7,2.1
Man United,West Ham,1.62,4.2,5.0,1.6,2.3
Arsenal,Liverpool,2.2,3.6,3.1,1.67,2.15
Brentford,Man City,7.0,4.75,1.4,1.57,2.35
Man City,Everton,1.18,8.0,13.0,1.44,2.7
Fulham,Bournemouth,2.38,3.5,2.8,1.73,2.08
Liverpool,Burnley,1.17,8.0,17.0,1.33,3.4
Luton,Sheffield United,1.75,3.75,4.75,1.85,2.05
Tottenham,Brighton,1.8,4.2,3.8,1.4,2.88
Wolves,Brentford,2.1,3.6,3.4,1.75,2.05
Nott'm Forest,Newcastle,3.3,3.75,2.05,1.7,2.1
West Ham,Arsenal,6.0,4.33,1.53,1.67,2.15
Aston Villa,Man United,2.15,3.75,3.1,1.53,2.4
Crystal Palace,Chelsea,4.2,3.8,1.85,1.86,2.04
Brentford,Liverpool,5.5,4.33,1.57,1.48,2.6
Burnley,Arsenal,10.0,5.75,1.29,1.57,2.35
Fulham,Aston Villa,2.9,3.75,2.2,1.6,2.3
Newcastle,Bournemouth,1.83,4.2,3.75,1.48,2.6
Nott'm Forest,West Ham,2.38,3.5,2.9,1.89,2.01
Tottenham,Wolves,1.53,4.75,5.25,1.44,2.7
Man City,Chelsea,1.33,5.5,8.0,1.44,2.7
Sheffield United,Brighton,5.0,4.2,1.62,1.57,2.35
Luton,Man United,4.0,4.0,1.8,1.57,2.35
Everton,Crystal Palace,1.7,3.6,5.25,2.1,1.7
Man City,Brentford,1.18,8.0,13.0,1.33,3.4
Liverpool,Luton,1.2,7.0,13.0,1.3,3.5
Aston Villa,Nott'm Forest,1.53,4.5,5.75,1.57,2.35
Brighton,Everton,1.83,3.8,4.2,1.65,2.2
Crystal Palace,Burnley,1.95,3.5,4.0,2.1,1.7
Man United,Fulham,1.57,4.33,5.5,1.57,2.35
Bournemouth,Man City,7.0,5.25,1.4,1.48,2.6
Arsenal,Newcastle,1.36,5.25,8.0,1.48,2.6
Wolves,Sheffield United,1.44,4.75,7.0,1.65,2.2
West Ham,Brentford,2.5,3.5,2.75,1.7,2.1
Brentford,Chelsea,3.1,3.75,2.15,1.53,2.4
Everton,West Ham,2.05,3.6,3.5,1.92,1.98
Fulham,Brighton,2.55,3.6,2.63,1.62,2.25
Newcastle,Wolves,1.91,4.0,3.6,1.57,2.35
Nott'm Forest,Liverpool,6.0,4.33,1.53,1.48,2.6
Tottenham,Crystal Palace,1.5,4.33,6.5,1.53,2.4
Luton,Aston Villa,4.33,4.2,1.73,1.44,2.7
Burnley,Bournemouth,3.75,3.6,1.95,1.7,2.1
Man City,Man United,1.25,5.75,11.0,1.36,3.1
Sheffield United,Arsenal,17.0,7.0,1.18,1.4,2.88
Man United,Everton,1.83,3.6,4.0,1.67,2.15
Bournemouth,Sheffield United,1.33,5.25,8.0,1.53,2.4
Crystal Palace,Luton,1.75,3.8,4.2,1.75,2.05
Wolves,Fulham,2.5,3.4,2.75,1.95,1.95
Arsenal,Brentford,1.22,7.0,11.0,1.44,2.7
Aston Villa,Tottenham,2.38,4.0,2.6,1.36,3.1
Brighton,Nott'm Forest,1.8,4.0,4.0,1.62,2.25
West Ham,Burnley,1.67,4.0,4.75,1.7,2.1
Liverpool,Man City,3.0,3.75,2.2,1.5,2.5
Chelsea,Newcastle,1.91,4.0,3.6,1.44,2.7
Bournemouth,Luton,1.5,4.75,5.75,1.44,2.7
Burnley,Brentford,3.25,3.6,2.15,1.75,2.05
Luton,Nott'm Forest,2.8,3.5,2.45,1.67,2.15
Fulham,Tottenham,3.5,3.8,1.95,1.48,2.6
West Ham,Aston Villa,2.63,3.75,2.45,1.57,2.35
Newcastle,West Ham,1.83,4.2,3.8,1.5,2.5
Bournemouth,Everton,2.2,3.6,3.2,1.7,2.1
Chelsea,Burnley,1.29,6.0,9.5,1.48,2.6
Nott'm Forest,Crystal Palace,2.2,3.3,3.4,2.08,1.73
Sheffield United,Fulham,4.5,4.0,1.73,1.65,2.2
Tottenham,Luton,1.2,8.0,11.0,1.25,4.0
Aston Villa,Wolves,1.6,4.33,5.0,1.57,2.35
Brentford,Man United,3.0,3.8,2.2,1.53,2.4
Liverpool,Brighton,1.36,5.5,7.5,1.36,3.1
Man City,Arsenal,1.91,3.8,3.8,1.7,2.1
Newcastle,Everton,2.0,3.75,3.5,1.67,2.2
Nott'm Forest,Fulham,2.7,3.4,2.63,1.8,2.0
Bournemouth,Crystal Palace,1.95,3.8,3.6,1.73,2.1
Burnley,Wolves,2.45,3.6,2.75,1.84,2.06
West Ham,Tottenham,3.3,4.2,1.95,1.33,3.4
Arsenal,Luton,1.1,10.0,19.0,1.25,4.0
Brentford,Brighton,2.38,3.8,2.75,1.57,2.38
Man City,Aston Villa,1.3,6.0,8.0,1.4,3.0
Liverpool,Sheffield United,1.09,12.0,21.0,1.2,4.5
Chelsea,Man United,2.0,4.0,3.4,1.4,3.0
Crystal Palace,Man City,9.5,5.25,1.33,1.67,2.2
Aston Villa,Brentford,1.7,4.0,4.75,1.53,2.5
Everton,Burnley,1.65,4.0,5.25,1.8,2.0
Fulham,Newcastle,2.38,3.8,2.8,1.5,2.63
Luton,Bournemouth,3.75,3.8,1.91,1.5,2.63
Wolves,West Ham,2.5,3.6,2.7,1.8,2.0
Brighton,Arsenal,5.0,4.33,1.62,1.62,2.3
Man United,Liverpool,4.75,4.5,1.6,1.33,3.4
Sheffield United,Chelsea,7.0,5.25,1.4,1.4,3.0
Tottenham,Nott'm Forest,1.4,5.5,6.5,1.4,3.0
Newcastle,Tottenham,2.7,4.0,2.3,1.36,3.2
Brentford,Sheffield United,1.44,5.0,6.5,1.53,2.5
Burnley,Brighton,3.5,3.75,2.0,1.67,2.2
Man City,Luton,1.1,11.0,19.0,1.29,3.75
Nott'm Forest,Wolves,2.1,3.4,3.5,1.86,2.04
Bournemouth,Man United,2.4,3.9,2.6,1.44,2.75
Liverpool,Crystal Palace,1.22,7.0,12.0,1.4,3.0
West Ham,Fulham,2.38,3.6,2.8,1.67,2.2
Arsenal,Aston Villa,1.29,5.75,10.0,1.5,2.63
Chelsea,Everton,1.7,4.2,4.5,1.53,2.5
Luton,Brentford,3.1,3.75,2.15,1.57,2.38
Sheffield United,Burnley,2.75,3.6,2.45,1.67,2.2
Wolves,Arsenal,8.5,4.5,1.4,1.62,2.3
Everton,Nott'm Forest,2.05,3.5,3.6,1.93,1.97
Aston Villa,Bournemouth,1.85,4.0,3.6,1.44,2.75
Crystal Palace,West Ham,2.1,3.6,3.4,1.8,2.0
Fulham,Liverpool,5.25,4.5,1.57,1.44,2.75
Arsenal,Chelsea,1.44,5.0,6.0,1.53,2.5
Wolves,Bournemouth,2.7,3.6,2.5,1.67,2.2
Crystal Palace,Newcastle,2.75,3.6,2.4,1.57,2.38
Everton,Liverpool,7.0,5.0,1.4,1.53,2.5
Man United,Sheffield United,1.3,6.5,7.5,1.36,3.2
Brighton,Man City,6.5,5.0,1.4,1.5,2.63
West Ham,Liverpool,5.5,5.0,1.5,1.36,3.2
Fulham,Crystal Palace,2.1,3.5,3.5,1.73,2.1
Man United,Burnley,1.5,4.75,5.5,1.36,3.2
Newcastle,Sheffield United,1.22,7.0,11.0,1.33,3.4
Wolves,Luton,1.95,3.8,3.6,1.62,2.3
Everton,Brentford,2.3,3.5,3.0,1.87,2.03
Aston Villa,Chelsea,2.15,3.8,3.0,1.44,2.75
Bournemouth,Brighton,2.25,3.8,2.9,1.44,2.75
Tottenham,Arsenal,4.2,4.2,1.75,1.5,2.63
Nott'm Forest,Man City,8.0,6.0,1.3,1.53,2.5
Chelsea,Tottenham,2.15,3.8,3.0,1.3,3.5
Luton,Everton,2.6,3.6,2.55,1.73,2.1
Arsenal,Bournemouth,1.22,7.5,11.0,1.33,3.4
Brentford,Fulham,2.1,3.8,3.2,1.57,2.38
Burnley,Newcastle,3.4,4.0,1.95,1.5,2.63
Sheffield United,Nott'm Forest,4.75,4.2,1.65,1.57,2.38
Man City,Wolves,1.08,12.0,21.0,1.3,3.5
Brighton,Aston Villa,2.75,3.75,2.45,1.5,2.63
Chelsea,West Ham,1.65,4.5,4.5,1.4,3.0
Liverpool,Tottenham,1.5,5.75,5.0,1.25,4.0
Crystal Palace,Man United,2.38,3.75,2.8,1.53,2.5
Fulham,Man City,13.0,7.0,1.2,1.36,3.2
Bournemouth,Brentford,1.95,4.0,3.5,1.44,2.75
Everton,Sheffield United,1.4,4.8,7.5,1.53,2.5
Newcastle,Brighton,1.57,4.75,4.75,1.33,3.4
Tottenham,Burnley,1.36,5.75,7.0,1.25,4.0
West Ham,Luton,1.8,4.2,3.8,1.44,2.75
Wolves,Crystal Palace,2.88,3.5,2.38,1.8,2.0
Nott'm Forest,Chelsea,3.4,3.8,2.0,1.5,2.63
Man United,Arsenal,7.0,5.5,1.36,1.36,3.2
Aston Villa,Liverpool,4.2,4.33,1.7,1.33,3.4
Tottenham,Man City,6.5,6.0,1.36,1.25,4.0
Brighton,Chelsea,3.3,4.0,1.95,1.4,3.0
Man United,Newcastle,2.75,4.0,2.3,1.33,3.4
Arsenal,Everton,1.18,8.0,12.0,1.36,3.2
Brentford,Newcastle,2.9,3.9,2.2,1.36,3.2
Brighton,Man United,2.15,4.0,2.9,1.33,3.4
Burnley,Nott'm Forest,3.0,3.5,2.3,1.53,2.5
Chelsea,Bournemouth,1.45,5.0,6.0,1.29,3.75
Crystal Palace,Aston Villa,1.85,4.33,3.6,1.4,3.0
Liverpool,Wolves,1.17,8.0,15.0,1.22,4.33
Luton,Fulham,2.9,3.9,2.2,1.44,2.75
Man City,West Ham,1.08,12.0,21.0,1.2,4.5
Sheffield United,Tottenham,7.0,6.0,1.33,1.22,4.33
