Home,Hscore,Ascore,Away,date,Odds_1,Odds_X,Odds_2,O,U,proba_win_0.004,proba_draw_0.004,proba_lose_0.004,proba_O_0.004,proba_U_0.004
Burnley,0,3,Manchester City,2023-08-11,8.0,5.5,1.33,1.67,2.2,0.1126580166601071,0.18984330877481162,0.6974861266531928,0.5286735982252055,0.06136203375128848
Arsenal,2,1,Nott'ham Forest,2023-08-12,1.18,7.0,15.0,1.44,2.75,0.7973488193378914,0.12640781657027736,0.07602320610377293,0.7171881287316135,0.024363724433013267
Everton,0,1,Fulham,2023-08-12,2.2,3.4,3.3,2.01,1.89,0.4890522615761923,0.2566322407427978,0.2543148169885888,0.47079773856861,0.07763266923945036
Sheffield Utd,0,1,Crystal Palace,2023-08-12,3.0,3.3,2.38,2.2,1.67,0.32077423934692484,0.3312030756661259,0.3480226785934936,0.26415724476750196,0.16880173478878605
Brighton,4,1,Luton Town,2023-08-12,1.33,5.5,9.0,1.62,2.3,0.7834809521464954,0.1557683925994552,0.06072683890469094,0.5074809365187657,0.06696250827531475
Bournemouth,1,1,West Ham,2023-08-12,2.7,3.4,2.55,1.9,2.0,0.32324111127341754,0.2971472366263325,0.37961161079986333,0.35686374735453097,0.11972906913504654
Newcastle Utd,5,1,Aston Villa,2023-08-12,1.75,3.75,4.6,1.73,2.1,0.5723685934694509,0.2316254703508613,0.1960030857860139,0.5114289906775773,0.06592404855904666
Brentford,2,2,Tottenham,2023-08-13,2.75,3.4,2.45,1.73,2.1,0.40215240412159725,0.24621689848998587,0.35162977492809006,0.5600320484212402,0.053693411222358094
Chelsea,1,1,Liverpool,2023-08-13,2.9,3.4,2.38,1.67,2.2,0.3805299325676119,0.36376188753152894,0.2557081776447919,0.19232174114101352,0.22238219330477083
Manchester Utd,1,0,Wolves,2023-08-14,1.33,5.5,9.0,1.62,2.3,0.5760755468757182,0.24541297220845737,0.17851021518284338,0.4361102005785768,0.0888402425944534
Nott'ham Forest,2,1,Sheffield Utd,2023-08-18,1.95,3.4,4.0,2.2,1.67,0.6004903026987527,0.344360579541231,0.05514909775294091,0.127470167194568,0.29194005869938705
Fulham,0,3,Brentford,2023-08-19,2.7,3.3,2.63,1.96,1.94,0.3239386112197959,0.3145475558361406,0.361513817541325,0.3062330472859086,0.1443757572651065
Liverpool,3,1,Bournemouth,2023-08-19,1.2,7.0,13.0,1.33,3.4,0.603424816337614,0.26423160112173294,0.13234314664644756,0.3208990242332843,0.1367167508660073
Wolves,1,4,Brighton,2023-08-19,4.0,3.8,1.85,1.73,2.1,0.3039575628815642,0.24005503335223866,0.45598575626777443,0.5727246338086845,0.05077782927892904
Tottenham,2,0,Manchester Utd,2023-08-19,2.8,3.6,2.38,1.57,2.38,0.43764090918170984,0.257279573779885,0.3050789907200773,0.4973867235448603,0.06981467129082435
Manchester City,1,0,Newcastle Utd,2023-08-19,1.67,4.0,5.0,1.73,2.1,0.5519992721989923,0.23335305831684006,0.21464493587562936,0.5275946156663568,0.06165638768055229
Aston Villa,4,0,Everton,2023-08-20,1.7,4.0,4.5,1.92,1.98,0.6527772208901543,0.21093652296530283,0.1362805876497668,0.49616226971708766,0.07014104687107536
West Ham,3,1,Chelsea,2023-08-20,3.75,3.5,2.0,1.96,1.94,0.3588470800224268,0.28818314517876054,0.3529697112152947,0.3888081954763409,0.10629999544626212
Crystal Palace,0,1,Arsenal,2023-08-21,5.5,4.0,1.6,1.94,1.96,0.3236612220501227,0.24917707945250206,0.4271608729877805,0.5394623250473833,0.05865693096075056
Chelsea,3,0,Luton Town,2023-08-25,1.29,5.5,11.0,1.67,2.2,0.4521739676195771,0.21648241256251677,0.33133523569384044,0.7008853313927825,0.026802352776076604
Bournemouth,0,2,Tottenham,2023-08-26,3.8,3.75,1.91,1.53,2.5,0.2113357109199613,0.22448542251996614,0.5641742790962472,0.5619231916857018,0.053246103892450894
Everton,0,1,Wolves,2023-08-26,2.3,3.3,3.2,2.1,1.73,0.48059231919881384,0.27610081938530895,0.24330662720481738,0.3935768270166905,0.10440967180480884
Brentford,1,1,Crystal Palace,2023-08-26,2.15,3.4,3.5,2.1,1.73,0.5855458877721921,0.2596719547846309,0.1547815775394018,0.3609034471100332,0.11791960221608999
Manchester Utd,3,2,Nott'ham Forest,2023-08-26,1.3,6.0,8.0,1.5,2.63,0.6829536352535626,0.18550274503001649,0.1315219157140899,0.595327993216989,0.04583978574039716
Arsenal,2,2,Fulham,2023-08-26,1.2,7.0,13.0,1.44,2.75,0.6556164230914509,0.18924421600084182,0.15511491841490208,0.6313347120950301,0.03865279179018523
Brighton,1,3,West Ham,2023-08-26,1.53,4.75,5.25,1.5,2.63,0.5807174211522989,0.21583996716209475,0.2034351302665908,0.5903330989091511,0.04690740830896531
Sheffield Utd,1,2,Manchester City,2023-08-27,13.0,8.0,1.17,1.57,2.38,0.05454268873242249,0.3026817323745174,0.6427755024897475,0.16850364973973087,0.24471248071085097
Burnley,1,3,Aston Villa,2023-08-27,3.4,3.4,2.15,1.86,2.04,0.25093791070412347,0.2595591971723861,0.4895023127137398,0.45711049545546045,0.08191474300502993
Newcastle Utd,1,2,Liverpool,2023-08-27,2.2,3.75,3.0,1.5,2.63,0.6218295053630314,0.24044899673857875,0.13772017791441937,0.39475479385423123,0.10392416456248658
Luton Town,1,2,West Ham,2023-09-01,4.75,3.8,1.73,1.87,2.03,0.21274611417949746,0.19987199404085085,0.5873599148390696,0.6802005142761343,0.030065723768999575
Sheffield Utd,2,2,Everton,2023-09-02,2.9,3.25,2.5,2.2,1.67,0.5883071227549492,0.2515367364448773,0.1601552695382745,0.39202613399097896,0.10500124180051423
Chelsea,0,1,Nott'ham Forest,2023-09-02,1.4,4.5,8.5,1.62,2.3,0.4648154934918378,0.266476363049558,0.26870778479462754,0.4429097404260609,0.08655672158187364
Manchester City,5,1,Fulham,2023-09-02,1.17,8.0,15.0,1.4,3.0,0.8104929533715798,0.13461254113657983,0.054833618735113034,0.5757620245136875,0.0500629695607905
Brentford,2,2,Bournemouth,2023-09-02,1.73,3.8,4.75,1.73,2.1,0.764619758440152,0.15303270698064123,0.08229708954889503,0.6017954026926206,0.044481843538320014
Burnley,2,5,Tottenham,2023-09-02,3.6,4.0,1.85,1.62,2.3,0.376700821727354,0.24090511901251976,0.3823927653002543,0.5877682952764192,0.04746380514960596
Brighton,3,1,Newcastle Utd,2023-09-02,2.5,3.8,2.55,1.5,2.63,0.33030589909047103,0.2152014159285046,0.45448342822180177,0.706979469870207,0.02587979324659784
Liverpool,3,0,Aston Villa,2023-09-03,1.65,4.5,4.5,1.4,3.0,0.2658102696544825,0.3075924323475142,0.4265972617503987,0.3120499112523121,0.14130031972665544
Crystal Palace,3,2,Wolves,2023-09-03,1.91,3.3,4.33,2.2,1.67,0.4803402037904695,0.2765484226220689,0.24311114485696403,0.3919883517276869,0.10503364944547688
Arsenal,3,1,Manchester Utd,2023-09-03,1.75,3.8,4.5,1.57,2.38,0.5052085380635714,0.21154502929905883,0.2832339308146919,0.6978546506480043,0.027267188662892426
Wolves,1,3,Liverpool,2023-09-16,6.0,5.0,1.45,1.44,2.75,0.2590459480505404,0.3774791256829207,0.36347492517637686,0.1718468899304127,0.24153007996800405
Fulham,1,0,Luton Town,2023-09-16,1.67,3.75,5.5,1.89,2.01,0.484396071229861,0.2144702653738446,0.30112357689039104,0.6955865679978281,0.027618678020584646
West Ham,1,3,Manchester City,2023-09-16,7.0,4.5,1.45,1.62,2.3,0.1459431855385868,0.20731538409168318,0.646733766434017,0.5302930557960998,0.060954263186403804
Aston Villa,3,1,Crystal Palace,2023-09-16,1.91,3.6,4.0,1.89,2.01,0.5227279395285299,0.25013193430598746,0.22713908052364512,0.47309916375476396,0.07692753719056039
Manchester Utd,1,3,Brighton,2023-09-16,2.15,4.0,2.88,1.44,2.75,0.4882732811808133,0.22755795582989524,0.28416471373277286,0.6196860714516546,0.04090225439226073
Tottenham,2,1,Sheffield Utd,2023-09-16,1.29,5.5,11.0,1.5,2.63,0.6215862542645203,0.19925244495802685,0.17914396497355972,0.6297186808560697,0.03896117678333055
Newcastle Utd,1,0,Brentford,2023-09-16,1.53,4.2,6.0,1.67,2.2,0.581571549379322,0.22415948252257478,0.19426462623225568,0.540352074462388,0.05842783069666541
Bournemouth,0,0,Chelsea,2023-09-17,4.33,3.75,1.8,1.67,2.2,0.30526984253246,0.2973076895083109,0.39742242191767435,0.3530754677985262,0.12142104409409257
Everton,0,1,Arsenal,2023-09-17,6.0,4.5,1.5,1.67,2.2,0.31733572557103595,0.2540788782599157,0.4285847844057967,0.515697222272081,0.06478514114837734
Nott'ham Forest,1,1,Burnley,2023-09-18,2.2,3.5,3.25,1.92,1.98,0.5931433404457358,0.21063458349809158,0.19621221849741907,0.603853221493862,0.04407377186492146
Manchester City,2,0,Nott'ham Forest,2023-09-23,1.14,8.5,15.0,1.4,3.0,0.8717959262158883,0.09048402101296343,0.03728474365086875,0.7148817647432234,0.024693256219313543
Luton Town,1,1,Wolves,2023-09-23,3.25,3.4,2.2,2.02,1.88,0.39952282359761443,0.2522378879964089,0.3482386719255553,0.5318345338956878,0.06057700734875698
Crystal Palace,0,0,Fulham,2023-09-23,1.91,3.4,4.2,2.0,1.8,0.5001126942184559,0.2740634822595241,0.22582354316948222,0.3877681937155768,0.10670496514667495
Brentford,1,3,Everton,2023-09-23,1.8,3.8,4.2,1.95,1.95,0.6770728085980113,0.2085417300072008,0.114380540329401,0.4593497069270481,0.08117469643958518
Burnley,0,1,Manchester Utd,2023-09-23,4.2,4.2,1.73,1.62,2.3,0.27890499119969225,0.22887626897735272,0.4922150122116234,0.6095850130927064,0.042910972657116034
Arsenal,2,2,Tottenham,2023-09-24,1.67,4.33,4.33,1.5,2.63,0.5215327043468687,0.1893647880817246,0.2890348836673599,0.8119842646763041,0.012583884415890959
Brighton,3,1,Bournemouth,2023-09-24,1.36,5.25,7.5,1.36,3.2,0.8373338464728025,0.10609547364395915,0.056173951685771224,0.738385655866278,0.021389699808791542
Chelsea,0,1,Aston Villa,2023-09-24,1.91,3.75,3.8,1.73,2.1,0.3223309389641149,0.2800298666267506,0.39763907943549837,0.41427695256455443,0.09657551094388334
Liverpool,3,1,West Ham,2023-09-24,1.4,5.0,7.0,1.4,3.0,0.4561203677542417,0.3035746661327107,0.2403049108263777,0.3116805991499721,0.14148931386104915
Sheffield Utd,0,8,Newcastle Utd,2023-09-24,7.0,4.75,1.44,1.67,2.2,0.1652092868082664,0.2180118809801221,0.6167737346577068,0.521099875921788,0.06334054488881734
Aston Villa,6,1,Brighton,2023-09-30,2.55,3.75,2.55,1.44,2.75,0.4272456365531033,0.22503273618864714,0.347717353290793,0.6629321775101753,0.032959910660359686
Wolves,2,1,Manchester City,2023-09-30,8.0,5.75,1.33,1.53,2.5,0.08949970911927117,0.16581958488206988,0.744651374179033,0.5667224620418905,0.05211871043380749
Bournemouth,0,4,Arsenal,2023-09-30,5.5,4.5,1.53,1.53,2.5,0.13945157699689498,0.1656312774119971,0.6948313728459308,0.7140262328486474,0.024829912855891874
Everton,1,2,Luton Town,2023-09-30,1.57,3.8,6.5,2.05,1.85,0.6503087443405744,0.19107292610608367,0.15859547458751355,0.6297765206447989,0.03894848372196353
Newcastle Utd,2,0,Burnley,2023-09-30,1.3,5.75,9.0,1.53,2.5,0.9188423876532966,0.05837352021281486,0.02113221588526998,0.794465471448318,0.014469649506906329
West Ham,2,0,Sheffield Utd,2023-09-30,1.45,4.5,7.0,1.67,2.2,0.7212387404139385,0.14741963039082565,0.13108785738589918,0.7883578611522826,0.015166581621134198
Manchester Utd,0,1,Crystal Palace,2023-09-30,1.55,4.2,5.75,1.8,2.0,0.5330159306472296,0.2552589267923123,0.21172435218369168,0.4390145023694323,0.08785953726378969
Tottenham,2,1,Liverpool,2023-09-30,2.9,4.0,2.15,1.36,3.2,0.5077161311074545,0.2744334459542664,0.21785014125150237,0.38038720469264603,0.10968858387581071
Nott'ham Forest,1,1,Brentford,2023-10-01,2.75,3.1,2.7,2.1,1.73,0.33351508651393846,0.27445050999303544,0.3920342498736286,0.43703920741855695,0.08853979910829171
Fulham,0,2,Chelsea,2023-10-02,3.6,3.5,2.05,1.98,1.92,0.47413728414951845,0.33165283750560026,0.19420985832034826,0.22743254512036765,0.19392581797190778
Luton Town,1,2,Burnley,2023-10-03,2.9,3.0,2.63,2.2,1.65,0.19208404897503323,0.32126708364522855,0.48664883489656663,0.2459360717208804,0.18074575911101903
Luton Town,0,1,Tottenham,2023-10-07,6.0,4.75,1.45,1.53,2.4,0.05253571294681569,0.1370708569526602,0.8103444310935635,0.5535572842125838,0.05518330163712613
Everton,3,0,Bournemouth,2023-10-07,1.91,3.6,3.8,1.85,2.05,0.554585731495542,0.25372004644546753,0.19169337477254816,0.4231674112500948,0.09335289683606936
Manchester Utd,2,1,Brentford,2023-10-07,1.67,4.2,4.75,1.65,2.2,0.43578302434042593,0.2867310661310307,0.277485804799961,0.3773728930746796,0.11093724847452426
Burnley,1,4,Chelsea,2023-10-07,4.5,3.8,1.73,1.85,2.05,0.3193506696066819,0.3303235511375212,0.3503257725196026,0.2661350987689746,0.1675577150279101
Fulham,3,1,Sheffield Utd,2023-10-07,1.62,3.8,6.0,1.96,1.94,0.7180147961063899,0.1966382005074354,0.08534134142408359,0.43260434849168417,0.090011136830947
Crystal Palace,0,0,Nott'ham Forest,2023-10-07,2.2,3.1,3.6,2.25,1.62,0.5118915653588756,0.26495921963421654,0.22314875431054587,0.4156619140523587,0.09606083230555544
West Ham,2,2,Newcastle Utd,2023-10-08,3.2,3.75,2.1,1.7,2.1,0.26116159162040586,0.2530064566930499,0.48583112381477483,0.4901168679233858,0.07188794823054391
Wolves,1,1,Aston Villa,2023-10-08,3.5,3.4,2.1,1.75,2.05,0.21368934001496315,0.23021211343781586,0.5560952640002492,0.5398369956182861,0.05855771791442233
Brighton,2,2,Liverpool,2023-10-08,3.0,3.8,2.2,1.36,3.1,0.5223463801303226,0.262751281158605,0.21490181254723117,0.41592043089358804,0.09596534830997844
Arsenal,1,0,Manchester City,2023-10-08,2.9,3.3,2.4,1.75,2.05,0.33172546653469637,0.19884767083853572,0.4693934244121073,0.7899417174916422,0.014988861600937646
Liverpool,2,0,Everton,2023-10-21,1.33,5.75,7.5,1.4,2.88,0.5283478525643378,0.307000195400404,0.16465188295783684,0.2565339213835722,0.17366043004108594
Bournemouth,1,2,Wolves,2023-10-21,2.38,3.4,3.0,1.85,2.05,0.3108838554527573,0.2723368202846179,0.41677912709501225,0.43968323942340753,0.08764285056579013
Newcastle Utd,4,0,Crystal Palace,2023-10-21,1.45,4.5,7.0,1.85,2.05,0.6373454745940028,0.22390133351022026,0.13875020875644686,0.4519426730101845,0.08355959892002555
Brentford,3,0,Burnley,2023-10-21,1.83,3.75,4.2,1.95,1.95,0.7243127236028046,0.15232711988272657,0.12321048014299907,0.7408849495144578,0.02105818150816078
Manchester City,2,1,Brighton,2023-10-21,1.4,5.25,6.5,1.36,3.1,0.7553532953865137,0.13774511199391187,0.10663154825170795,0.7694301083177364,0.01740028827911412
Nott'ham Forest,2,2,Luton Town,2023-10-21,1.67,3.75,5.5,2.08,1.82,0.5283694049743232,0.2837205299271132,0.18790987562450076,0.3288770556666603,0.1327684823647988
Chelsea,2,2,Arsenal,2023-10-21,3.2,3.4,2.25,1.98,1.92,0.3434480983662821,0.23735759610244928,0.4191925510849781,0.6005533860461466,0.044760625671415956
Sheffield Utd,1,2,Manchester Utd,2023-10-21,6.5,5.25,1.4,1.53,2.4,0.16511725829934598,0.2627981423239125,0.5720840855709951,0.36418710355659645,0.11649433202684853
Aston Villa,4,1,West Ham,2023-10-22,1.85,3.6,4.0,1.57,2.35,0.646224368606451,0.18335471659152053,0.17037760092302362,0.6917649960687202,0.028212206146551486
Tottenham,2,0,Fulham,2023-10-23,1.5,4.5,6.0,1.5,2.5,0.6493900589742158,0.20959115596643918,0.14101236969662329,0.5110330683703195,0.06602209731852027
Crystal Palace,1,2,Tottenham,2023-10-27,4.5,3.75,1.75,1.94,1.96,0.35419672609175107,0.2807472041192429,0.3650559711511101,0.4154597358769517,0.09614391054955865
Chelsea,0,2,Brentford,2023-10-28,1.65,4.0,5.25,1.8,2.0,0.3656001837993029,0.2847264215920823,0.34967331641438576,0.4008669272424893,0.10159445178711116
Bournemouth,2,1,Burnley,2023-10-28,2.15,3.5,3.3,1.75,2.05,0.3557781999959839,0.28457272933246824,0.3596489922028158,0.4015788444106522,0.10132249422585762
Arsenal,5,0,Sheffield Utd,2023-10-28,1.13,8.5,19.0,1.36,3.1,0.8494624261355764,0.0879190519902114,0.06043740938366725,0.8718032287672646,0.0070114289020833725
Wolves,2,2,Newcastle Utd,2023-10-28,4.2,4.0,1.75,1.75,2.05,0.12358993368966519,0.20904846501779792,0.667356212917797,0.47727470450469384,0.07564619362066007
West Ham,0,1,Everton,2023-10-29,2.15,3.5,3.3,1.73,2.08,0.5489396709707857,0.2274223831473595,0.2236339602947036,0.5638720346073502,0.05279498041402127
Liverpool,3,0,Nott'ham Forest,2023-10-29,1.29,5.75,11.0,1.4,2.88,0.39315180681636686,0.3427372951202678,0.2641108922088325,0.2314296985086351,0.19100226989986488
Brighton,1,1,Fulham,2023-10-29,1.55,4.2,5.5,1.5,2.5,0.6783526566274497,0.17974948578289926,0.14186169112337993,0.6480550402778797,0.03556784882615446
Aston Villa,3,1,Luton Town,2023-10-29,1.25,6.5,9.5,1.48,2.6,0.8530442777458369,0.10244103139653503,0.04423562566891538,0.6890331208563225,0.028629460042458463
Manchester Utd,0,3,Manchester City,2023-10-29,5.0,3.8,1.67,1.7,2.1,0.2311568521629938,0.2655627959686919,0.5032799145480021,0.4201924477217538,0.09442286583468326
Fulham,0,1,Manchester Utd,2023-11-04,3.2,3.6,2.2,1.75,2.05,0.4230170350275635,0.29238675835226385,0.28459613479429,0.36227869362173554,0.11734561037316035
Brentford,3,2,West Ham,2023-11-04,2.05,3.6,3.5,1.73,2.08,0.5845932670448003,0.21596951385561552,0.1994299604163732,0.5840099368678477,0.04827173759378121
Everton,1,1,Brighton,2023-11-04,3.1,3.6,2.2,1.57,2.35,0.2690434184161852,0.21370261763929083,0.5172433629251402,0.6754836471910601,0.030841987160701037
Burnley,0,2,Crystal Palace,2023-11-04,2.75,3.25,2.6,2.2,1.65,0.34776938781338507,0.2855946152871586,0.36663592240576354,0.39769945735888257,0.10281231636605348
Manchester City,6,1,Bournemouth,2023-11-04,1.1,11.0,19.0,1.29,3.6,0.9199758272945338,0.05906686839376695,0.01963604428292223,0.7726122251087381,0.017005675514205894
Sheffield Utd,2,1,Wolves,2023-11-04,3.8,3.5,2.0,1.91,1.99,0.20548355113881045,0.23191549382409216,0.5625980561974859,0.5224754047134748,0.06298518122677502
Newcastle Utd,1,0,Arsenal,2023-11-04,2.8,3.2,2.6,1.95,1.95,0.6746832575177635,0.17363766304451364,0.15161658649684023,0.7016087587375406,0.026686984171150938
Nott'ham Forest,2,0,Aston Villa,2023-11-05,4.2,3.75,1.85,1.73,2.08,0.21037287101474808,0.21135908818701696,0.578257769885843,0.6209965183148297,0.04064288349437521
Luton Town,1,1,Liverpool,2023-11-05,12.0,6.5,1.22,1.36,3.1,0.19874756976270624,0.3528054692595772,0.44844695351550473,0.1938581530251473,0.22101292869239542
Tottenham,1,4,Chelsea,2023-11-06,2.0,3.75,3.5,1.7,2.1,0.8322104156393525,0.10989796204434031,0.057568842624627886,0.7231810904853931,0.023500451455986122
Wolves,2,1,Tottenham,2023-11-11,3.1,3.75,2.2,1.62,2.25,0.18985976970657917,0.24210251913649,0.5680361478594179,0.46250940878723446,0.08019592472593855
Arsenal,3,1,Burnley,2023-11-11,1.18,7.0,17.0,1.48,2.6,0.9341471634337207,0.04423533157331239,0.017135711156652276,0.8619547041766502,0.007832673976723251
Manchester Utd,1,0,Luton Town,2023-11-11,1.33,5.25,9.5,1.53,2.4,0.6530965377884047,0.20118116032306035,0.14571154550719442,0.5562318767589924,0.05457363254351233
Crystal Palace,2,3,Everton,2023-11-11,2.45,3.2,3.0,2.25,1.62,0.5535416946817968,0.26318628714228665,0.18327150038918,0.38315988421978947,0.1085510617994244
Bournemouth,2,0,Newcastle Utd,2023-11-11,4.75,4.0,1.73,1.7,2.1,0.06088822134564111,0.131680072691421,0.8073417938547872,0.61893064366435,0.041026781871512326
West Ham,3,2,Nott'ham Forest,2023-11-12,1.85,3.6,4.0,1.75,2.05,0.4680060794622648,0.266385148209611,0.2656084062227584,0.44141347394385166,0.08705756193808645
Liverpool,3,0,Brentford,2023-11-12,1.4,5.0,6.5,1.44,2.7,0.7573663130991276,0.14215041341782467,0.10031737703640049,0.7240834149544473,0.023376820917703687
Aston Villa,3,1,Fulham,2023-11-12,1.57,4.2,5.5,1.7,2.1,0.5712240143508146,0.2373205243477892,0.1914534222649739,0.4827410660380847,0.0740336066596695
Brighton,1,1,Sheffield Utd,2023-11-12,1.25,5.75,13.0,1.4,2.88,0.8827607390347142,0.07387148671242719,0.04110234949213286,0.8525156882764339,0.00865716818438179
Chelsea,4,4,Manchester City,2023-11-12,5.0,3.7,1.73,1.88,2.02,0.10440052035886764,0.15178772126738732,0.7437137385728378,0.6860291627179075,0.029117228393782415
Manchester City,1,1,Liverpool,2023-11-25,1.73,4.2,4.2,1.48,2.6,0.4687127364015612,0.2121268447549154,0.31914856665396657,0.7175082598917716,0.02432724343386127
Burnley,1,2,West Ham,2023-11-25,3.4,3.5,2.05,1.75,2.05,0.28397889628855455,0.22887313949469756,0.4871442619334946,0.613253456541059,0.04217453317865815
Nott'ham Forest,2,3,Brighton,2023-11-25,3.2,3.6,2.15,1.73,2.08,0.23502109590821849,0.22181970694817546,0.5431533838111917,0.6024214633213103,0.044370925872074675
Sheffield Utd,1,3,Bournemouth,2023-11-25,3.2,3.5,2.2,1.85,2.05,0.4541419300678613,0.24712760807329498,0.2987294144335269,0.5380731320734892,0.059002549638366486
Newcastle Utd,4,1,Chelsea,2023-11-25,2.55,3.5,2.63,1.86,2.04,0.7411530961365097,0.14140680780613107,0.11716264321503067,0.7819864446506115,0.01590179183566871
Luton Town,2,1,Crystal Palace,2023-11-25,3.6,3.3,2.1,2.15,1.67,0.37019948102792005,0.3100306196268538,0.3197698791266185,0.3182508713424627,0.13810436481913518
Brentford,0,1,Arsenal,2023-11-25,4.5,3.75,1.75,1.9,2.0,0.2207893470351573,0.19722700425162124,0.5819559159450994,0.7044648074273432,0.026256372118846738
Tottenham,1,2,Aston Villa,2023-11-26,2.3,3.8,2.8,1.5,2.5,0.4762679839452808,0.21895297403045372,0.30477180229933926,0.6753034677315484,0.030872479937155386
Everton,0,3,Manchester Utd,2023-11-26,2.7,3.4,2.55,1.85,2.05,0.3218499840306798,0.3022156266060196,0.3759343582793282,0.3411423259137769,0.1269043185024464
Fulham,3,2,Wolves,2023-11-27,2.38,3.3,3.0,2.08,1.73,0.37950390862688976,0.29240084067490035,0.3280951975443364,0.3727316012491,0.11287546824820319
Brentford,3,1,Luton Town,2023-12-02,1.45,4.5,6.5,1.7,2.1,0.6198015735458229,0.20979447010098634,0.17039546933525848,0.56540124969369,0.05243694285202722
Arsenal,2,1,Wolves,2023-12-02,1.25,5.5,12.0,1.65,2.2,0.7635593936899725,0.1442676976154496,0.09205918634164455,0.6830842719162129,0.029589264707991055
Burnley,5,0,Sheffield Utd,2023-12-02,1.8,3.6,4.5,2.06,1.84,0.4228449966552286,0.2705904457115064,0.30656433224747814,0.44489544513286755,0.08589772347886018
Nott'ham Forest,0,1,Everton,2023-12-02,2.75,3.25,2.6,2.05,1.75,0.4533586869330022,0.26893182692616147,0.2777091905571035,0.4387719108866926,0.08794898816100649
Newcastle Utd,1,0,Manchester Utd,2023-12-02,1.91,3.75,3.8,1.67,2.15,0.6945640934295708,0.1792741584982927,0.12613313984619628,0.611241017476358,0.04256613564916039
Bournemouth,2,2,Aston Villa,2023-12-03,3.4,4.0,1.95,1.53,2.4,0.18727089454354132,0.20097213073365852,0.6117401961113862,0.6354387901023376,0.03788392837263418
Liverpool,4,3,Fulham,2023-12-03,1.25,6.5,9.0,1.4,2.88,0.7669863596156676,0.1665443129948745,0.06645314753809844,0.4854919641925769,0.07318838290502093
Chelsea,3,2,Brighton,2023-12-03,1.73,4.2,4.2,1.53,2.4,0.344549358477671,0.20669019491071422,0.448742731404477,0.7555663109891796,0.019137499301629314
West Ham,1,1,Crystal Palace,2023-12-03,2.0,3.5,3.8,2.04,1.86,0.5241728388863317,0.2449920575630081,0.2308336984887546,0.496922975004715,0.06994075668555859
Manchester City,3,3,Tottenham,2023-12-03,1.29,6.0,9.0,1.36,3.1,0.7269350229267598,0.16192582457166235,0.11107853482021057,0.6545684347869469,0.034404958885829055
Wolves,1,0,Burnley,2023-12-05,1.85,3.6,4.2,2.05,1.85,0.6764089226057375,0.18941501051814835,0.13415805169045453,0.5835175285361511,0.04837162292436002
Luton Town,3,4,Arsenal,2023-12-05,17.0,7.0,1.18,1.65,2.2,0.1482402495954936,0.20053389696692514,0.6512143519155765,0.5643418809170919,0.05267824661510943
Sheffield Utd,0,2,Liverpool,2023-12-06,12.0,7.5,1.2,1.33,3.4,0.08220915995525122,0.12834843335796436,0.7892017889122622,0.7324871441862751,0.022199008313642646
Crystal Palace,0,2,Bournemouth,2023-12-06,2.25,3.5,3.1,2.01,1.89,0.41699674069968945,0.3107727101093092,0.2722305204027408,0.3059059472087354,0.14454671219336962
Brighton,2,1,Brentford,2023-12-06,1.91,3.8,3.75,1.62,2.25,0.6183422238645977,0.18335719020392205,0.19824084249263726,0.7411667426932342,0.021023173855259803
Fulham,5,0,Nott'ham Forest,2023-12-06,2.0,3.4,3.75,2.06,1.84,0.5794293894761073,0.22294372012820288,0.1976221504793692,0.5503323839060301,0.055988556339502164
Aston Villa,1,0,Manchester City,2023-12-06,4.75,4.2,1.7,1.53,2.4,0.37025926564921663,0.21627191470576998,0.41346071382334354,0.7125192766399323,0.025056668245260556
Manchester Utd,2,1,Chelsea,2023-12-06,2.88,3.4,2.45,1.65,2.2,0.5961970249843546,0.2269544315671757,0.17684517280041098,0.5032398297031698,0.06816485676705622
Everton,3,0,Newcastle Utd,2023-12-07,3.25,3.25,2.25,1.96,1.94,0.20942398848799554,0.2429534666750061,0.547620986345475,0.48256964611660885,0.07408676981199534
Tottenham,1,2,West Ham,2023-12-07,1.75,4.2,4.2,1.5,2.5,0.5526691078309676,0.21793996362209261,0.2293835920673731,0.6141881220445962,0.04198593660640814
Crystal Palace,1,2,Liverpool,2023-12-09,6.0,4.5,1.5,1.65,2.2,0.18803441312640296,0.2443117059138385,0.5676524996835101,0.4520843938019534,0.08352496304421266
Manchester Utd,0,3,Bournemouth,2023-12-09,1.55,4.33,5.75,1.5,2.5,0.592798203581426,0.2595041308988161,0.14769709478531698,0.35257820764150294,0.121613346710383
Wolves,1,1,Nott'ham Forest,2023-12-09,1.85,3.6,4.33,2.06,1.84,0.5109081666705035,0.2447975663783934,0.24429285864269337,0.5101988902018795,0.06626251921875799
Brighton,1,1,Burnley,2023-12-09,1.5,4.75,6.0,1.57,2.35,0.8447458038721569,0.09772768987061657,0.05675331833396841,0.7932621411996816,0.01460822716495945
Sheffield Utd,1,0,Brentford,2023-12-09,4.2,3.8,1.75,1.95,1.95,0.21449691536364796,0.20216643269469511,0.58331756289085,0.671308261361056,0.031535354465425984
Aston Villa,1,0,Arsenal,2023-12-09,3.3,3.6,2.1,1.7,2.1,0.38241799568846113,0.24060442734542117,0.37697625542259605,0.5892457151729013,0.04714617093814081
Everton,2,0,Chelsea,2023-12-10,3.1,3.5,2.25,1.75,2.05,0.41551887940183707,0.2611682704771383,0.32331247563079724,0.48757434708281505,0.0726279100470201
Fulham,5,0,West Ham,2023-12-10,2.38,3.5,2.9,1.9,2.0,0.507424683214968,0.2327550629797696,0.2598173140039129,0.5762562169888357,0.049984574233592594
Luton Town,1,2,Manchester City,2023-12-10,17.0,8.0,1.14,1.36,3.1,0.12697440765279444,0.16249994916765143,0.7104432512270515,0.6976952731493794,0.02728566420698104
Tottenham,4,1,Newcastle Utd,2023-12-10,2.15,3.8,3.1,1.53,2.4,0.3293455758869314,0.23206941705578812,0.43858234578438265,0.6219693836332312,0.04045744537328724
Nott'ham Forest,0,2,Tottenham,2023-12-15,4.2,4.2,1.73,1.62,2.25,0.22221011636038326,0.22218130263653124,0.5556030963346666,0.5858650070062781,0.04787041567706634
Manchester City,2,2,Crystal Palace,2023-12-16,1.18,8.0,13.0,1.44,2.7,0.776370477244833,0.14734050538068813,0.07622992972172093,0.6064414820434268,0.04352750408238628
Chelsea,2,0,Sheffield Utd,2023-12-16,1.22,6.5,13.0,1.5,2.5,0.7600578072691586,0.1412921136509897,0.09848329464802559,0.7223781739519962,0.023619291263401423
Newcastle Utd,3,0,Fulham,2023-12-16,1.8,3.8,4.0,1.7,2.1,0.710780988317295,0.16669071770680105,0.12247083519713463,0.6635936269141492,0.032836994358666834
Burnley,0,2,Everton,2023-12-16,3.6,3.4,2.1,2.05,1.75,0.39838031490810605,0.2556737988372304,0.3459453935851952,0.5161621415298119,0.06466160684608029
Brentford,1,2,Aston Villa,2023-12-17,3.2,3.75,2.1,1.7,2.1,0.3227855175520913,0.2554450820327655,0.421768854768254,0.5116183528804468,0.06588181449544715
West Ham,3,0,Wolves,2023-12-17,2.15,3.5,3.3,1.95,1.95,0.47890123568741494,0.23330121328549985,0.28779482879276336,0.5948446300603478,0.045953665584988514
Arsenal,2,0,Brighton,2023-12-17,1.44,5.0,6.0,1.53,2.4,0.7041788168713867,0.15723853504492377,0.13843398777214475,0.755406597640794,0.019154385605884165
Liverpool,0,0,Manchester Utd,2023-12-17,1.3,6.0,8.0,1.33,3.4,0.703504991419394,0.18794525375890692,0.10853679841762988,0.5259795125214011,0.06205572608048751
Crystal Palace,1,1,Brighton,2023-12-21,3.3,3.3,2.15,1.99,1.91,0.3337645482156604,0.2534832821337592,0.41275157544611024,0.5232723425038792,0.06278447828249979
Aston Villa,1,1,Sheffield Utd,2023-12-22,1.22,6.5,12.0,1.44,2.7,0.8902073261232312,0.07309347584194524,0.035162725938438624,0.8151750506237205,0.012246018925926075
West Ham,2,0,Manchester Utd,2023-12-23,2.6,3.6,2.6,1.7,2.1,0.4395511439542913,0.25677110719613827,0.30367720130160514,0.49891940378704175,0.06938281622183351
Luton Town,1,0,Newcastle Utd,2023-12-23,4.75,4.2,1.65,1.75,2.05,0.18728229533007731,0.21510769820227627,0.5976029206152645,0.5696540760320781,0.05146579973299022
Fulham,0,2,Burnley,2023-12-23,1.67,3.75,5.25,1.92,1.98,0.6252818829553756,0.18398735954041232,0.19067795847571634,0.7255817468263499,0.023169365140452397
Tottenham,2,1,Everton,2023-12-23,1.75,4.2,4.0,1.53,2.4,0.6342231407787914,0.19923254722919242,0.16652904552080572,0.6066404441868676,0.043501234554166594
Nott'ham Forest,2,3,Bournemouth,2023-12-23,2.75,3.4,2.55,1.95,1.95,0.4098112893961764,0.26281398741186024,0.32737439278523883,0.48185955467878383,0.07430532342415365
Liverpool,1,1,Arsenal,2023-12-23,2.38,3.6,2.8,1.7,2.1,0.5175635786343092,0.23528284922039913,0.24715105459460274,0.5535557372895274,0.055220013866635186
Wolves,2,1,Chelsea,2023-12-24,3.75,3.75,1.91,1.86,2.04,0.4184714086451898,0.2545260053969729,0.32700201652031974,0.5168703021601786,0.06447251965618596
Newcastle Utd,1,3,Nott'ham Forest,2023-12-26,1.5,4.33,5.75,1.8,2.0,0.7692467793411321,0.1486054374269221,0.08208270382239904,0.6229263056155785,0.04025268135288197
Bournemouth,3,0,Fulham,2023-12-26,2.15,3.6,3.2,1.73,2.08,0.4829518348111416,0.21616371403301457,0.3008755416913868,0.6869271381861485,0.028982755996810546
Sheffield Utd,2,3,Luton Town,2023-12-26,2.3,3.3,3.1,2.1,1.7,0.35278035997117674,0.24990520223943236,0.3973137235960671,0.5431327780035349,0.057749158179599566
Burnley,0,2,Liverpool,2023-12-26,6.5,5.25,1.4,1.44,2.7,0.13806307720664387,0.2108473845692151,0.6510837296560483,0.50008604772391,0.0690362898068899
Manchester Utd,3,2,Aston Villa,2023-12-26,2.6,3.5,2.6,1.62,2.25,0.26750333486616557,0.25851160303891135,0.47398448185876324,0.47252845396209175,0.07710502149006557
Chelsea,2,1,Crystal Palace,2023-12-27,1.67,4.0,5.0,1.91,1.99,0.5265876104563603,0.24394693313907526,0.22946396248583947,0.4998055020131058,0.06912911369092717
Brentford,1,4,Wolves,2023-12-27,1.95,3.5,4.2,2.03,1.87,0.5346639851661483,0.2391806707738622,0.22615336968548458,0.5159939986741131,0.06470051125353227
Everton,1,3,Manchester City,2023-12-27,5.75,4.0,1.57,1.73,2.08,0.15054209803132143,0.19167983090700336,0.6577582159495323,0.6098953863320656,0.04283997269459702
Brighton,4,2,Tottenham,2023-12-28,2.5,3.6,2.6,1.44,2.7,0.44086853875939563,0.21046442225855186,0.34865395822549855,0.7376542007749664,0.02149952740538042
Arsenal,0,2,West Ham,2023-12-28,1.33,5.5,7.5,1.57,2.35,0.7096317684562695,0.16659697206170873,0.12371198855736398,0.6675319652608439,0.0321657590935895
Luton Town,2,3,Chelsea,2023-12-30,6.5,4.2,1.5,1.65,2.2,0.4209486853679025,0.23904553644634005,0.34000420721602,0.5915059940601111,0.046662674536115605
Aston Villa,3,2,Burnley,2023-12-30,1.36,5.25,7.5,1.57,2.35,0.7935889546440259,0.1375286122481261,0.06879886600632937,0.6248937386976486,0.039869360580285444
Wolves,3,0,Everton,2023-12-30,2.63,3.3,2.7,2.05,1.75,0.48019387210107745,0.2706624866601672,0.24914333247163623,0.4157159159567072,0.09604461632165456
Manchester City,2,0,Sheffield Utd,2023-12-30,1.08,11.0,29.0,1.3,3.5,0.9281406334284061,0.048473534015474065,0.019569725253158893,0.855445671901379,0.008396747013137586
Crystal Palace,3,1,Brentford,2023-12-30,2.2,3.3,3.4,2.15,1.67,0.3292976906348982,0.26790068063287686,0.4028013923415482,0.46171646785202913,0.08045783596358017
Nott'ham Forest,2,1,Manchester Utd,2023-12-30,3.2,3.6,2.15,1.73,2.08,0.34192023009243977,0.2777813937950073,0.38029825494115127,0.4256335102251406,0.09249343833050329
Tottenham,3,1,Bournemouth,2023-12-31,1.75,4.2,4.0,1.4,2.88,0.6963839151796947,0.16214222213904483,0.14136140541388545,0.7369506316641654,0.021591049811409434
Fulham,2,1,Arsenal,2023-12-31,5.25,4.5,1.55,1.73,2.08,0.21834237719433475,0.20477043550496532,0.5768707389119203,0.6637495080911708,0.032816660265919576
Liverpool,4,2,Newcastle Utd,2024-01-01,1.45,4.5,7.0,1.44,2.7,0.5031556144760504,0.2595400009292116,0.2373037817261772,0.4466349952812564,0.0853162729604196
West Ham,0,0,Brighton,2024-01-02,2.45,3.75,2.75,1.6,2.3,0.4783841319478407,0.21969908679827008,0.3019098994111982,0.669872837252394,0.03177878950613973
Burnley,1,1,Luton Town,2024-01-12,2.0,3.6,3.6,1.99,1.91,0.45231442963425583,0.23033048540565668,0.317351973089135,0.6255263112874058,0.0397689004395383
Chelsea,1,0,Fulham,2024-01-13,1.6,4.2,5.25,1.62,2.25,0.5297076706356041,0.2338683622502669,0.23642122747964542,0.5493148626044905,0.05623733905848187
Newcastle Utd,2,3,Manchester City,2024-01-13,5.5,4.33,1.55,1.6,2.3,0.29102058051584306,0.22512015638048505,0.48385451536006596,0.6361926799808859,0.03774769187193184
Everton,0,0,Aston Villa,2024-01-14,2.8,3.5,2.45,1.73,2.08,0.2907787766644979,0.26102821147422695,0.4481925656472939,0.4756541284604349,0.07615874601476874
Manchester Utd,2,2,Tottenham,2024-01-14,2.2,3.75,3.0,1.48,2.6,0.46587535556891435,0.2555082049077265,0.27861577357244044,0.49138159271769066,0.07152469275573768
Arsenal,5,0,Crystal Palace,2024-01-20,1.3,5.75,9.0,1.73,2.08,0.6699465221106422,0.21200346569144632,0.11804567002025597,0.4546450639709432,0.08267940451720567
Brentford,3,2,Nott'ham Forest,2024-01-20,1.91,3.6,4.0,1.86,2.04,0.5950192632781467,0.21365006018740196,0.19132273451518286,0.58248293406612,0.0486044486339081
Sheffield Utd,2,2,West Ham,2024-01-21,3.4,3.3,2.2,2.05,1.75,0.35237814716218885,0.21187439060637536,0.4357358041287499,0.7314979904123045,0.022344155189772428
Bournemouth,0,4,Liverpool,2024-01-21,4.2,4.5,1.7,1.44,2.7,0.23852723361627712,0.19853494958308027,0.5629097549291883,0.7200886821897299,0.023953468876783072
Brighton,0,0,Wolves,2024-01-22,1.65,4.33,5.0,1.62,2.25,0.6153852576327807,0.21029426016660782,0.17431195621038467,0.5699729554094406,0.05139194334068963
Nott'ham Forest,1,2,Arsenal,2024-01-30,7.5,5.0,1.4,1.62,2.25,0.1647186811588257,0.2050724714376918,0.6301982513039103,0.5763131529585378,0.04996429340041149
Fulham,0,0,Everton,2024-01-30,2.45,3.2,3.0,2.05,1.75,0.4673477013487638,0.2824175912063205,0.25023454776700405,0.37756951566097424,0.11085292484549097
Luton Town,4,0,Brighton,2024-01-30,4.2,4.2,1.75,1.65,2.2,0.33194526052868856,0.24945347359673192,0.4186004811167023,0.5407700149859294,0.058332379784504076
Crystal Palace,3,2,Sheffield Utd,2024-01-30,1.62,3.6,6.5,2.08,1.73,0.6952194361508839,0.1936972762811722,0.11107331154218202,0.5087291581498515,0.0666409066666554
Aston Villa,1,3,Newcastle Utd,2024-01-30,1.85,4.0,3.8,1.5,2.5,0.40712606639187676,0.25739449403880826,0.3354789843944027,0.5066280438216775,0.06724213071755843
Tottenham,3,2,Brentford,2024-01-31,1.67,4.2,4.75,1.5,2.5,0.5756311458117965,0.2014704898069111,0.22287731274567896,0.6860791152343912,0.029116497757180997
Manchester City,3,1,Burnley,2024-01-31,1.08,12.0,21.0,1.33,3.4,0.8879778437426072,0.07953969094672714,0.031794892079349546,0.7435695280905421,0.020689959374439345
Liverpool,4,1,Chelsea,2024-01-31,1.57,4.33,5.25,1.44,2.7,0.7738345863317013,0.15098483684895625,0.07513418517707604,0.5844711033095291,0.04815157131643206
West Ham,1,1,Bournemouth,2024-02-01,2.4,3.75,2.75,1.62,2.25,0.5795590671655977,0.2102054846371825,0.21022440688068664,0.6262828548135054,0.03961962697192709
Wolves,3,4,Manchester Utd,2024-02-01,2.63,3.6,2.55,1.75,2.05,0.30768857527518695,0.3289845406169495,0.363326876352216,0.26829544768875696,0.16621017133786056
Everton,2,2,Tottenham,2024-02-03,3.0,3.6,2.25,1.62,2.25,0.3748046286260466,0.26607724753598516,0.35911788075220524,0.4730982744233356,0.0769349831755492
Newcastle Utd,4,4,Luton Town,2024-02-03,1.44,4.75,6.5,1.57,2.35,0.6814216370750932,0.18018854412446983,0.13835654981702225,0.6374765929787336,0.037500308601851905
Brighton,4,1,Crystal Palace,2024-02-03,1.7,4.0,4.75,1.73,2.08,0.5752697420673034,0.22906294350019626,0.195664020489875,0.521557566212344,0.06322461800755264
Burnley,2,2,Fulham,2024-02-03,2.9,3.4,2.38,1.99,1.91,0.28676026368874014,0.27035437321918615,0.44288510552502663,0.4379060791291585,0.08824310952935997
Sheffield Utd,0,5,Aston Villa,2024-02-03,5.25,4.2,1.62,1.62,2.25,0.16258130288359537,0.23539307752958835,0.6020236417182226,0.44962267114050947,0.0843217911756821
Bournemouth,1,1,Nott'ham Forest,2024-02-04,1.7,4.2,4.5,1.65,2.2,0.4701921350068672,0.23950168088098328,0.2903043989305859,0.5676673283385942,0.05192554304226756
Manchester Utd,3,0,West Ham,2024-02-04,1.62,4.2,5.0,1.6,2.3,0.4790200940152388,0.2620633298717468,0.2589160899657496,0.4532621593126471,0.08315269321023308
Chelsea,2,4,Wolves,2024-02-04,1.62,4.0,5.5,1.7,2.1,0.5629449525150286,0.25797370129573705,0.17908067801808317,0.394852393196059,0.10389884318256072
Arsenal,3,1,Liverpool,2024-02-04,2.2,3.6,3.1,1.67,2.15,0.3592402326964552,0.27111729198834944,0.369642298344921,0.4526010799576161,0.08337109463058288
Brentford,1,3,Manchester City,2024-02-05,7.0,4.75,1.4,1.57,2.35,0.29101300366532157,0.27196198144892436,0.43702478710496345,0.4338380632558327,0.08963316059184578
Manchester City,2,0,Everton,2024-02-10,1.18,8.0,13.0,1.44,2.7,0.7355215906646991,0.16214185185818072,0.10228763871165332,0.6259723193939022,0.039668492317712266
Luton Town,1,3,Sheffield Utd,2024-02-10,1.75,3.75,4.75,1.85,2.05,0.8825109496500767,0.07252029081944292,0.04217199174526757,0.8682567071922951,0.007303199492622616
Liverpool,3,1,Burnley,2024-02-10,1.17,8.0,17.0,1.33,3.4,0.8710750172941167,0.08979709871223497,0.03862933699303956,0.7289993035290282,0.02267737589949973
Wolves,0,2,Brentford,2024-02-10,2.1,3.6,3.4,1.75,2.05,0.2830762970844438,0.3203628463699483,0.3965608411183805,0.2847409490980347,0.15633655400102292
Fulham,3,1,Bournemouth,2024-02-10,2.38,3.5,2.8,1.73,2.08,0.5093350535223523,0.23707623089121377,0.25358647227100617,0.5514431384494802,0.05572594572013498
Tottenham,2,1,Brighton,2024-02-10,1.8,4.2,3.8,1.4,2.88,0.4225856798635491,0.21956846950576908,0.35783948716826963,0.6932872739398032,0.027977801916494193
Nott'ham Forest,2,3,Newcastle Utd,2024-02-10,3.3,3.75,2.05,1.7,2.1,0.29381908667572043,0.21858559400158645,0.48758780214404907,0.6702758760173249,0.031710864010340706
West Ham,0,6,Arsenal,2024-02-11,6.0,4.33,1.53,1.67,2.15,0.34351217755038105,0.30024745825772814,0.3562403320234537,0.34889504062989063,0.12331661972073236
Aston Villa,1,2,Manchester Utd,2024-02-11,2.15,3.75,3.1,1.53,2.4,0.48869116778080507,0.2612017486569573,0.2501065554339148,0.4503436045813278,0.08410013027863504
Crystal Palace,1,3,Chelsea,2024-02-12,4.2,3.8,1.85,1.86,2.04,0.4005069643028235,0.2553275350502594,0.3441649937956154,0.5173798262771014,0.06433728690660234
Brentford,1,4,Liverpool,2024-02-17,5.5,4.33,1.57,1.48,2.6,0.23629161403638507,0.22195297318143412,0.5417496321223574,0.6032039141295474,0.044209805159418886
Newcastle Utd,2,2,Bournemouth,2024-02-17,1.83,4.2,3.75,1.48,2.6,0.762456424694634,0.13607059163766133,0.1012134835471241,0.7606205007546646,0.01849118920309258
Tottenham,1,2,Wolves,2024-02-17,1.53,4.75,5.25,1.44,2.7,0.35329385784969464,0.26621601870224654,0.3804898803758436,0.4721496686498974,0.07722388210754627
Burnley,0,5,Arsenal,2024-02-17,10.0,5.75,1.29,1.57,2.35,0.08107823891822545,0.1400417680429236,0.7787731587498189,0.6633794195069631,0.03286842543976562
Fulham,1,2,Aston Villa,2024-02-17,2.9,3.75,2.2,1.6,2.3,0.44451896326944496,0.2795122984204702,0.27596857796429014,0.4004935547733268,0.10173401327375999
Nott'ham Forest,2,0,West Ham,2024-02-17,2.38,3.5,2.9,1.89,2.01,0.34708681485227716,0.22009184327715234,0.4328151294167322,0.6879133621175761,0.028826014474993993
Manchester City,1,1,Chelsea,2024-02-17,1.33,5.5,8.0,1.44,2.7,0.7567921379230103,0.14266330590806794,0.10038400856157349,0.7215132250432035,0.023743021745293982
Sheffield Utd,0,5,Brighton,2024-02-18,5.0,4.2,1.62,1.57,2.35,0.2071577700055045,0.21463475364964946,0.5781992552584255,0.601129095464354,0.044636259325676664
Luton Town,1,2,Manchester Utd,2024-02-18,4.0,4.0,1.8,1.57,2.35,0.4308599428420531,0.27827727342093783,0.29086262763878434,0.4110995436478974,0.09774325168065719
Everton,1,1,Crystal Palace,2024-02-19,1.7,3.6,5.25,2.1,1.7,0.41328599608359595,0.28473404589396945,0.3019798595505753,0.3926926192920916,0.10476212724487947
Manchester City,1,0,Brentford,2024-02-20,1.18,8.0,13.0,1.33,3.4,0.7982725237656689,0.12173534932376379,0.0796420457671351,0.7596013627321616,0.0186181534322181
Liverpool,4,1,Luton Town,2024-02-21,1.2,7.0,13.0,1.3,3.5,0.7631274579133064,0.1564774840976464,0.08035574956478785,0.5781728170267927,0.04953548434386363
Manchester Utd,1,2,Fulham,2024-02-24,1.57,4.33,5.5,1.57,2.35,0.5339074259014359,0.24372048773847663,0.22237057517126335,0.49353758904363604,0.07090206425693567
Crystal Palace,3,0,Burnley,2024-02-24,1.95,3.5,4.0,2.1,1.7,0.5717931698069713,0.22570263931703627,0.20250007047961227,0.5450282296004376,0.05727658893663976
Brighton,1,1,Everton,2024-02-24,1.83,3.8,4.2,1.65,2.2,0.6460922028061968,0.19654742225052002,0.1573442065393253,0.6011917587310847,0.0446188674501197
Aston Villa,4,2,Nott'ham Forest,2024-02-24,1.53,4.5,5.75,1.57,2.35,0.7078859112288873,0.18056469355211607,0.11152896090140686,0.5661723724094689,0.05225015832268667
Bournemouth,0,1,Manchester City,2024-02-24,7.0,5.25,1.4,1.48,2.6,0.17537061137743185,0.2068135396812479,0.6178052810377012,0.5875727041714924,0.04749747602186885
Arsenal,4,1,Newcastle Utd,2024-02-24,1.36,5.25,8.0,1.48,2.6,0.5188747989786164,0.24210283472298227,0.23902070363156983,0.516605423616123,0.06453859468091638
Wolves,1,0,Sheffield Utd,2024-02-25,1.44,4.75,7.0,1.65,2.2,0.6674928611162324,0.18337696736761402,0.14909789894777115,0.6468604921055694,0.03578368732885861
West Ham,4,2,Brentford,2024-02-26,2.5,3.5,2.75,1.7,2.1,0.4075203687146405,0.2556749885313607,0.3368041351307389,0.5143796024755405,0.06513834167078107
Fulham,3,0,Brighton,2024-03-02,2.55,3.6,2.63,1.62,2.25,0.3353149534377336,0.24778832800265904,0.41689585016756203,0.549252744468128,0.05625651463284817
Tottenham,3,1,Crystal Palace,2024-03-02,1.5,4.33,6.5,1.53,2.4,0.507597024994607,0.24266070407216728,0.24974067787444762,0.5239165942893333,0.06261272355620627
Brentford,2,2,Chelsea,2024-03-02,3.1,3.75,2.15,1.53,2.4,0.44668569706847927,0.23179209093885117,0.3215194389015969,0.6202260661387256,0.04079739219378712
Newcastle Utd,3,0,Wolves,2024-03-02,1.91,4.0,3.6,1.57,2.35,0.6469935778669875,0.1848900858939268,0.1680782784521692,0.6795017185209522,0.03017761024140398
Nott'ham Forest,0,1,Liverpool,2024-03-02,6.0,4.33,1.53,1.48,2.6,0.17248682957075379,0.17339185323139664,0.6540341830789218,0.7465962594136991,0.020300124945186633
Everton,1,3,West Ham,2024-03-02,2.05,3.6,3.5,1.92,1.98,0.3963417054718909,0.30369000416139913,0.29996825705899977,0.33291348215497585,0.13082224844834275
Luton Town,2,3,Aston Villa,2024-03-02,4.33,4.2,1.73,1.44,2.7,0.442611973413765,0.28004218315478285,0.277345689349343,0.39933084380584694,0.10218025448185626
Burnley,0,2,Bournemouth,2024-03-03,3.75,3.6,1.95,1.7,2.1,0.35002703481030006,0.2620267424352555,0.3879459020539513,0.489319124302873,0.07212213605862941
Manchester City,3,1,Manchester Utd,2024-03-03,1.25,5.75,11.0,1.36,3.1,0.5656155615060492,0.22924201900391278,0.20513903688896967,0.533307374214903,0.060195382406327845
Sheffield Utd,0,6,Arsenal,2024-03-04,17.0,7.0,1.18,1.4,2.88,0.14769476910924959,0.26987194712948576,0.5824329274173878,0.32499597593261864,0.13467071956683654
Manchester Utd,2,0,Everton,2024-03-09,1.83,3.6,4.0,1.67,2.15,0.4953425234361275,0.29139752312060085,0.21325983309116225,0.32790508075884395,0.13325280720207724
Bournemouth,2,2,Sheffield Utd,2024-03-09,1.33,5.25,8.0,1.53,2.4,0.47269571686695505,0.2788638601258886,0.24844022690415205,0.3878475685890609,0.1066765810903932
Wolves,2,1,Fulham,2024-03-09,2.5,3.4,2.75,1.95,1.95,0.3393270947362438,0.26989391168324056,0.3907787936726551,0.45565828842264916,0.08238471130285764
Crystal Palace,1,1,Luton Town,2024-03-09,1.75,3.8,4.2,1.75,2.05,0.5011494195332242,0.210627481192724,0.2882097041411278,0.7061689604468252,0.026000993996151966
Arsenal,2,1,Brentford,2024-03-09,1.22,7.0,11.0,1.44,2.7,0.7868639400469318,0.1390083221799092,0.07403685900335046,0.6397661299595251,0.037067314767705466
Aston Villa,0,4,Tottenham,2024-03-10,2.38,4.0,2.6,1.36,3.1,0.5215992899695098,0.22798726561283253,0.2504094446587485,0.5896427003035141,0.04705812382004209
West Ham,2,2,Burnley,2024-03-10,1.67,4.0,4.75,1.7,2.1,0.7373776421927463,0.1484133679234501,0.1140522946681537,0.7348510865484061,0.021876291740264342
Brighton,1,0,Nott'ham Forest,2024-03-10,1.8,4.0,4.0,1.62,2.25,0.7214576493287947,0.16144255169068306,0.1170284749339992,0.6748993202559661,0.030930777545574398
Liverpool,1,1,Manchester City,2024-03-10,3.0,3.75,2.2,1.5,2.5,0.5432534456845003,0.21591504325805205,0.2408228546825445,0.6368851479191253,0.037617146447989566
Chelsea,3,2,Newcastle Utd,2024-03-11,1.91,4.0,3.6,1.44,2.7,0.35654513958083267,0.22235707621423956,0.4210926321390236,0.6786969961429379,0.030314263113871996
Bournemouth,4,3,Luton Town,2024-03-13,1.5,4.75,5.75,1.44,2.7,0.380508716408664,0.23925427315370923,0.38023555737184384,0.5959206634944789,0.04572839436716037
Luton Town,1,1,Nott'ham Forest,2024-03-16,2.8,3.5,2.45,1.67,2.15,0.5984872080565953,0.2261855662843312,0.17532374105131723,0.5040222608290994,0.06794785365529411
Burnley,2,1,Brentford,2024-03-16,3.25,3.6,2.15,1.75,2.05,0.23345704506764758,0.22119513475277047,0.5453417930960424,0.6035895900457613,0.04413034115399473
Fulham,3,0,Tottenham,2024-03-16,3.5,3.8,1.95,1.48,2.6,0.44451924856749064,0.24880565941453228,0.3066741841474674,0.534461653438649,0.05990999522886771
West Ham,1,1,Aston Villa,2024-03-17,2.63,3.75,2.45,1.57,2.35,0.4036758432489983,0.23509309909457982,0.3612290688423191,0.6151760813852777,0.041792999279824015
Newcastle Utd,4,3,West Ham,2024-03-30,1.83,4.2,3.8,1.5,2.5,0.3981610754123933,0.2510011139315129,0.3508371447452632,0.5378421022725675,0.059061482838567145
Bournemouth,2,1,Everton,2024-03-30,2.2,3.6,3.2,1.7,2.1,0.3551853633339995,0.2906939557808573,0.354120625928264,0.38018884448025597,0.10978121350672142
Tottenham,2,1,Luton Town,2024-03-30,1.2,8.0,11.0,1.25,4.0,0.6222223265153856,0.18632547852081002,0.19140680597875442,0.7149930944862789,0.02469077337291845
Nott'ham Forest,1,1,Crystal Palace,2024-03-30,2.2,3.3,3.4,2.08,1.73,0.48329186053082096,0.25207985191929383,0.26462742113727106,0.4963333892012268,0.07011043274164373
Sheffield Utd,3,3,Fulham,2024-03-30,4.5,4.0,1.73,1.65,2.2,0.1567303153331408,0.17870983283058664,0.6645112793397792,0.6870973411594078,0.02895073544141441
Chelsea,2,2,Burnley,2024-03-30,1.29,6.0,9.5,1.48,2.6,0.69454424986749,0.19240612292089176,0.11303861152183688,0.5189286503968472,0.06390208759097828
Aston Villa,2,0,Wolves,2024-03-30,1.6,4.33,5.0,1.57,2.35,0.4731869921761373,0.2404485644832655,0.2863627472021675,0.5609327036679492,0.05348140582085325
Brentford,1,1,Manchester Utd,2024-03-30,3.0,3.8,2.2,1.53,2.4,0.43632166399356825,0.24643088251064385,0.31724643433272387,0.5495099717182889,0.0561940024101489
Liverpool,2,1,Brighton,2024-03-31,1.36,5.5,7.5,1.36,3.1,0.7687980163566345,0.13730262961057538,0.0937096972276398,0.727154577613567,0.0229426795826139
Manchester City,0,0,Arsenal,2024-03-31,1.91,3.8,3.8,1.7,2.1,0.8762266640783891,0.08746900735096175,0.03580953392767291,0.7231400515740972,0.02350245029142434
Newcastle Utd,1,1,Everton,2024-04-02,2.0,3.75,3.5,1.67,2.2,0.24787363342740107,0.346682617080951,0.4054437436652565,0.22002359149167455,0.19954248614052741
Nott'ham Forest,3,1,Fulham,2024-04-02,2.7,3.4,2.63,1.8,2.0,0.2647183084850868,0.24512456007900918,0.4901558001800376,0.5254674588920494,0.062210413101430516
Bournemouth,1,0,Crystal Palace,2024-04-02,1.95,3.8,3.6,1.73,2.1,0.5619863166927943,0.2152256927081209,0.22277946891397954,0.6190010179730119,0.041034089539004136
Burnley,1,1,Wolves,2024-04-02,2.45,3.6,2.75,1.84,2.06,0.5029857101265477,0.2068515520457614,0.2901450212156812,0.7265370527150041,0.02303672214119466
West Ham,1,1,Tottenham,2024-04-02,3.3,4.2,1.95,1.33,3.4,0.3433519622603746,0.21030403093444117,0.4463306875299144,0.7368006435637124,0.021615593924093606
Arsenal,2,0,Luton Town,2024-04-03,1.1,10.0,19.0,1.25,4.0,0.4138192947243394,0.27944923340864797,0.3067313409678733,0.41241107568925706,0.09726005784302853
Brentford,0,0,Brighton,2024-04-03,2.38,3.8,2.75,1.57,2.38,0.426821123647123,0.23400113082569393,0.3391754893203532,0.6157563263613248,0.04167769840742502
Manchester City,4,1,Aston Villa,2024-04-03,1.3,6.0,8.0,1.4,3.0,0.6531153178920391,0.21183398795581937,0.1350453595452179,0.49016039503253506,0.07185693041956631
Liverpool,3,1,Sheffield Utd,2024-04-04,1.09,12.0,21.0,1.2,4.5,0.9078728510654812,0.06074790215123098,0.028572680139308283,0.8494466667327507,0.008931305605068149
Chelsea,4,3,Manchester Utd,2024-04-04,2.0,4.0,3.4,1.4,3.0,0.44742535976628917,0.22524644545116612,0.3273238059901374,0.6549937113520607,0.03434106082342061
Crystal Palace,2,4,Manchester City,2024-04-06,9.5,5.25,1.33,1.67,2.2,0.1459261170988742,0.21005744605148385,0.6440098404810842,0.5188254308242571,0.06393690589055434
Luton Town,2,1,Bournemouth,2024-04-06,3.75,3.8,1.91,1.5,2.63,0.4821564261182983,0.23279228530107002,0.28504845510754867,0.5954127172470389,0.04583383123526248
Wolves,1,2,West Ham,2024-04-06,2.5,3.6,2.7,1.8,2.0,0.5551198739002038,0.20735254173972167,0.23751239599177632,0.6749920472406007,0.03092249574859548
Fulham,0,1,Newcastle Utd,2024-04-06,2.38,3.8,2.8,1.5,2.63,0.6331441635164319,0.21806197467589447,0.1487894452772778,0.4920047899364093,0.07132938005509605
Everton,1,0,Burnley,2024-04-06,1.65,4.0,5.25,1.8,2.0,0.5351561423036696,0.26411835199543404,0.2007250101409563,0.3980190185615228,0.10267490077982189
Aston Villa,3,3,Brentford,2024-04-06,1.7,4.0,4.75,1.53,2.5,0.5729013018768544,0.23377359878287166,0.19332259980939268,0.4991786646798948,0.06930070921612737
Brighton,0,3,Arsenal,2024-04-06,5.0,4.33,1.62,1.62,2.3,0.5574984539673565,0.22798723401449908,0.2145105550331492,0.5504836692176314,0.055953738331971516
Manchester Utd,2,2,Liverpool,2024-04-07,4.75,4.5,1.6,1.33,3.4,0.34079929437125733,0.24551902933638653,0.4136806793347395,0.5611001270917414,0.053443747250137924
Sheffield Utd,2,2,Chelsea,2024-04-07,7.0,5.25,1.4,1.4,3.0,0.2074195466133625,0.18025374686584228,0.612245075172154,0.7707737859338716,0.017239711724180998
Tottenham,3,1,Nott'ham Forest,2024-04-07,1.4,5.5,6.5,1.4,3.0,0.7516609432367567,0.14054880132193226,0.10756293152814103,0.7571008159005521,0.01893674343098522
Newcastle Utd,4,0,Tottenham,2024-04-13,2.7,4.0,2.3,1.36,3.2,0.23719159414840066,0.22311698893797957,0.5396860407173933,0.5987560770347908,0.04513115508945663
Manchester City,5,1,Luton Town,2024-04-13,1.1,11.0,19.0,1.29,3.75,0.8577150432068704,0.0907756629923165,0.0505504680208518,0.8016046676218479,0.013686427138856164
Nott'ham Forest,2,2,Wolves,2024-04-13,2.1,3.4,3.5,1.86,2.04,0.32653441806417083,0.2974945270676316,0.3759710150748087,0.35620555093039546,0.12002168192865227
Brentford,2,0,Sheffield Utd,2024-04-13,1.44,5.0,6.5,1.53,2.5,0.7938922588877996,0.1233452535351299,0.08241691285857551,0.7618987807645925,0.018329645320758602
Burnley,1,1,Brighton,2024-04-13,3.5,3.75,2.0,1.67,2.2,0.4454877177098551,0.2168629951858798,0.33764121928774354,0.7013491622764205,0.026731559906208197
Bournemouth,2,2,Manchester Utd,2024-04-13,2.4,3.9,2.6,1.44,2.75,0.2572825570803452,0.21667552409744095,0.5260334107526566,0.6500876956121254,0.0352100598203478
Liverpool,0,1,Crystal Palace,2024-04-14,1.22,7.0,12.0,1.4,3.0,0.8446419378456654,0.10602850103445331,0.04904982523068816,0.6974968200464486,0.027306730862175634
West Ham,0,2,Fulham,2024-04-14,2.38,3.6,2.8,1.67,2.2,0.4361500655779512,0.23491217944949455,0.32893558029631564,0.6079622418263417,0.04324057610777527
Arsenal,0,2,Aston Villa,2024-04-14,1.29,5.75,10.0,1.5,2.63,0.18041048790429193,0.20548551955643224,0.6140920303202759,0.6024099459287675,0.04436948051957096
Chelsea,6,0,Everton,2024-04-15,1.7,4.2,4.5,1.53,2.5,0.66462917093225,0.21013590907536406,0.12522971959759716,0.4766027054536281,0.07584858213550698
Luton Town,1,5,Brentford,2024-04-20,3.1,3.75,2.15,1.57,2.38,0.5084835524988904,0.228542461308829,0.26297012467805403,0.5984437293020413,0.04519753528527191
Sheffield Utd,1,4,Burnley,2024-04-20,2.75,3.6,2.45,1.67,2.2,0.27410271225741323,0.21733247716974322,0.5085565570387393,0.66181790515005,0.033150658365389704
Wolves,0,2,Arsenal,2024-04-20,8.5,4.5,1.4,1.62,2.3,0.5151951224534195,0.2808947463302454,0.20390992111271125,0.34992430865190916,0.12283220226995298
Everton,2,0,Nott'ham Forest,2024-04-21,2.05,3.5,3.6,1.93,1.97,0.39349276121189036,0.31461959501973125,0.2918876243698502,0.30120003024731695,0.14708660817295513
Aston Villa,3,1,Bournemouth,2024-04-21,1.85,4.0,3.6,1.44,2.75,0.5779602536453498,0.21122192059432873,0.21080744048013952,0.6222496943229632,0.040398870723832886
Crystal Palace,5,2,West Ham,2024-04-21,2.1,3.6,3.4,1.8,2.0,0.4803909137268937,0.253563195953466,0.26604510264936576,0.49128252407208484,0.07155238221031063
Fulham,1,3,Liverpool,2024-04-21,5.25,4.5,1.57,1.44,2.75,0.24719432126959137,0.22586392996850463,0.5269371736035171,0.5963621218650041,0.045632624715616216
Arsenal,5,0,Chelsea,2024-04-23,1.44,5.0,6.0,1.53,2.5,0.4381383221072546,0.25533905018404823,0.3065220353149748,0.5061423759312422,0.06737478580400419
Wolves,0,1,Bournemouth,2024-04-24,2.7,3.6,2.5,1.67,2.2,0.5867041691592279,0.20128073040360706,0.21199518803108236,0.6721638897106009,0.03139209229136912
Manchester Utd,4,2,Sheffield Utd,2024-04-24,1.3,6.5,7.5,1.36,3.2,0.7308820378548119,0.1505345254210232,0.11843236112644534,0.7366379620856423,0.021632432849277627
Everton,2,0,Liverpool,2024-04-24,7.0,5.0,1.4,1.53,2.5,0.26351899417178143,0.29154625150957814,0.4449346657906647,0.3563326636356715,0.11996058255104833
Crystal Palace,2,0,Newcastle Utd,2024-04-24,2.75,3.6,2.4,1.57,2.38,0.4645244691016196,0.269756673739277,0.26571855681525325,0.42921000904601364,0.0912343540284568
Brighton,0,4,Manchester City,2024-04-25,6.5,5.0,1.4,1.5,2.63,0.17842034994918085,0.1996113121672667,0.6219515018690266,0.6267142805770943,0.03953469205170638
West Ham,2,2,Liverpool,2024-04-27,5.5,5.0,1.5,1.36,3.2,0.3016161105301156,0.21642278753261546,0.48195236501070604,0.6860854480878336,0.029117327250803602
Wolves,2,1,Luton Town,2024-04-27,1.95,3.8,3.6,1.62,2.3,0.46470452241480814,0.2438082770547158,0.29148586250657277,0.5489006133624096,0.05634045374890127
Fulham,1,1,Crystal Palace,2024-04-27,2.1,3.5,3.5,1.73,2.1,0.4533775883862838,0.2634393958048591,0.2831826158934912,0.4623733951730931,0.08024908456809261
Manchester Utd,1,1,Burnley,2024-04-27,1.5,4.75,5.5,1.36,3.2,0.5700019294324444,0.21704693281696205,0.21294385586022496,0.5977798181352076,0.04533353754436762
Newcastle Utd,5,1,Sheffield Utd,2024-04-27,1.22,7.0,11.0,1.33,3.4,0.6554058043102262,0.18568196057115147,0.15888016655862192,0.6567448802927365,0.03402714755044061
Everton,1,0,Brentford,2024-04-27,2.3,3.5,3.0,1.87,2.03,0.4234281290464183,0.27891190319219705,0.29765982418106524,0.41138077042092147,0.09763969887996143
Aston Villa,2,2,Chelsea,2024-04-27,2.15,3.8,3.0,1.44,2.75,0.6195236616109212,0.1846176581903038,0.19580528708733116,0.7308868038225897,0.022426612322809805
Tottenham,2,3,Arsenal,2024-04-28,4.2,4.2,1.75,1.5,2.63,0.555744461428827,0.23836919070749404,0.20588434263337754,0.49657547957620984,0.07003627715494966
Bournemouth,3,0,Brighton,2024-04-28,2.25,3.8,2.9,1.44,2.75,0.37280533291170775,0.24624985920090275,0.3809439145595978,0.5619050110876652,0.05325646934165751
Nott'ham Forest,0,2,Manchester City,2024-04-28,8.0,6.0,1.3,1.53,2.5,0.09137158720480706,0.14560787471917475,0.7629182282119382,0.6734011200072365,0.031176566307562794
Chelsea,2,0,Tottenham,2024-05-02,2.15,3.8,3.0,1.3,3.5,0.49600391121282966,0.19170380038295556,0.3122334523524752,0.8151651870056168,0.012252949083413869
Luton Town,1,1,Everton,2024-05-03,2.6,3.6,2.55,1.73,2.1,0.4763341631540061,0.2680394558479835,0.25562603267189776,0.4291827735894641,0.09124289447270628
Arsenal,3,0,Bournemouth,2024-05-04,1.22,7.5,11.0,1.33,3.4,0.5120836147016804,0.2561007356111488,0.23181490891361795,0.4547335169858607,0.08267511906208373
Burnley,1,4,Newcastle Utd,2024-05-04,3.4,4.0,1.95,1.5,2.63,0.3379665042785134,0.2921922262924661,0.36984121769712025,0.37447111745475536,0.1121468025537791
Sheffield Utd,1,3,Nott'ham Forest,2024-05-04,4.75,4.2,1.65,1.57,2.38,0.25358200752247284,0.19403986176261695,0.5523364752779226,0.7589426861604877,0.018707176426287282
Brentford,0,0,Fulham,2024-05-04,2.1,3.8,3.2,1.57,2.38,0.5798420336064805,0.22252943329082073,0.19762367615816898,0.5521419131872065,0.05555395087130692
Manchester City,5,1,Wolves,2024-05-04,1.08,12.0,21.0,1.3,3.5,0.8012957271675091,0.129065702774448,0.06949346621196145,0.673003178740043,0.031239466032593515
Brighton,1,0,Aston Villa,2024-05-05,2.75,3.75,2.45,1.5,2.63,0.33034529916192973,0.23705298426295346,0.4325998557700999,0.5981242837303198,0.045266112169002976
Chelsea,5,0,West Ham,2024-05-05,1.65,4.5,4.5,1.4,3.0,0.5998395835570872,0.18130106285150643,0.21877520260614236,0.7813988366569155,0.015972868601806547
Liverpool,4,2,Tottenham,2024-05-05,1.5,5.75,5.0,1.25,4.0,0.693288360740595,0.16110247387349172,0.1454785219759338,0.7522968969180197,0.01955476910796495
Crystal Palace,4,0,Manchester Utd,2024-05-06,2.38,3.75,2.8,1.53,2.5,0.47890217500786847,0.27729999828673507,0.243797607931438,0.38999295239128007,0.10582228348352905
Fulham,0,4,Manchester City,2024-05-11,13.0,7.0,1.2,1.36,3.2,0.18976765206809476,0.21297208912700652,0.597252072946588,0.5831646617358384,0.04845526784575535
Wolves,1,3,Crystal Palace,2024-05-11,2.88,3.5,2.38,1.8,2.0,0.1977321953927859,0.31699230998508615,0.48527545643041603,0.2577432344637501,0.17288721972344337
West Ham,3,1,Luton Town,2024-05-11,1.8,4.2,3.8,1.44,2.75,0.37290182042448283,0.24605786415772019,0.38103941024212523,0.5628200286769316,0.05304383326553525
Tottenham,2,1,Burnley,2024-05-11,1.36,5.75,7.0,1.25,4.0,0.6738046379375455,0.16487736532835492,0.16118533033669777,0.7675879699106709,0.01762776995792297
Everton,1,0,Sheffield Utd,2024-05-11,1.4,4.8,7.5,1.53,2.5,0.686892054442695,0.17459919572071275,0.1384615887527162,0.6655616026550123,0.03250198840643303
Newcastle Utd,1,1,Brighton,2024-05-11,1.57,4.75,4.75,1.33,3.4,0.4260805009092733,0.2585357056250456,0.31538333208367814,0.49605395857478557,0.07019215320637691
Bournemouth,1,2,Brentford,2024-05-11,1.95,4.0,3.5,1.44,2.75,0.3636791541579473,0.24246661698392616,0.3938530572043486,0.5794202243245954,0.049285018032978266
Nott'ham Forest,2,3,Chelsea,2024-05-11,3.4,3.8,2.0,1.5,2.63,0.3160866543875628,0.2241010644630364,0.45980739478168403,0.655680006988328,0.034220168989279924
Manchester Utd,0,1,Arsenal,2024-05-12,7.0,5.5,1.36,1.36,3.2,0.41262633028415857,0.2929233471154533,0.2944502581443323,0.3638059959034678,0.11668280713904633
Aston Villa,3,3,Liverpool,2024-05-13,4.2,4.33,1.7,1.33,3.4,0.429904406520881,0.223981877575957,0.3461090779845668,0.6678216642881083,0.03212559933203588
Tottenham,0,2,Manchester City,2024-05-14,6.5,6.0,1.36,1.25,4.0,0.20238017247483936,0.19386991700371442,0.6037196008503382,0.6947601970794851,0.02774484140870119
Brighton,1,2,Chelsea,2024-05-15,3.3,4.0,1.95,1.4,3.0,0.3860869855346076,0.21849418407060905,0.39541207183806615,0.7023155409575335,0.026584480447610984
Manchester Utd,3,2,Newcastle Utd,2024-05-15,2.75,4.0,2.3,1.33,3.4,0.689768985600314,0.1842681122159702,0.1259416013825499,0.587212025713749,0.0475688830061585
Luton Town,2,4,Fulham,2024-05-19,2.9,3.9,2.2,1.44,2.75,0.3698469510181051,0.26072833828398706,0.36942437014060037,0.4960246427200385,0.07020131741950476
Sheffield Utd,0,3,Tottenham,2024-05-19,7.0,6.0,1.33,1.22,4.33,0.11339320963069982,0.13560479780959211,0.7506195483933024,0.8020435604143189,0.013641722576867587
Manchester City,3,1,West Ham,2024-05-19,1.08,12.0,21.0,1.2,4.5,0.8930874722063408,0.07078674178023048,0.034348827818184186,0.8249876727086773,0.011250603116052499
Arsenal,2,1,Everton,2024-05-19,1.18,8.0,12.0,1.36,3.2,0.4808590743470624,0.28928412004159393,0.22985668184391916,0.34466111579751124,0.12525379942154072
Brighton,0,2,Manchester Utd,2024-05-19,2.15,4.0,2.9,1.33,3.4,0.3773066091166272,0.24343378140295932,0.37925852531221566,0.5754761805608261,0.050161364768607025
Brentford,2,4,Newcastle Utd,2024-05-19,2.9,3.9,2.2,1.36,3.2,0.6107206171732839,0.21863931861477667,0.1706349306654042,0.5275815283019768,0.061654383463168386
Chelsea,2,1,Bournemouth,2024-05-19,1.45,5.0,6.0,1.29,3.75,0.6122344646276657,0.17554566547889774,0.21209932145909427,0.800678171603304,0.013792329227003982
Crystal Palace,5,0,Aston Villa,2024-05-19,1.85,4.33,3.6,1.4,3.0,0.4372250261209636,0.25299581802007554,0.30977847610246484,0.5174993911165523,0.06430470508733277
Liverpool,2,0,Wolves,2024-05-19,1.17,8.0,15.0,1.22,4.33,0.6426424452429403,0.1964623751560442,0.1608782420972154,0.6086834620149597,0.04308591072425812
Burnley,1,2,Nott'ham Forest,2024-05-19,3.0,3.5,2.3,1.53,2.5,0.3915557563102252,0.22446050746807056,0.3839794528370077,0.6711514513065057,0.031564691115711696
