Modèle 0 :;;;;;;;;;;;;;;
Home;Hscore;Ascore;Away;date;Odds_1;Odds_X;Odds_2;O;U;proba_win;proba_draw;proba_lose;proba_O;proba_U
Liverpool;4;2;Newcastle Utd;01/01/2024;1.45;4.5;7.0;1.44;2.7;0.6396792941671213;0.19298202974460163;0.16732410041801182;0.5996378971751071;0.4003613718984637
West Ham;0;0;Brighton;02/01/2024;2.45;3.75;2.75;1.6;2.3;0.4214258183366845;0.23052388027650772;0.3480490162647257;0.5849260073725518;0.4150734382821093
Burnley;1;1;Luton Town;12/01/2024;2.0;3.6;3.6;1.99;1.91;0.4550710971479575;0.23976693223358894;0.3051611112265794;0.5276136064042718;0.4723861860168573
Chelsea;1;0;Fulham;13/01/2024;1.6;4.2;5.25;1.62;2.25;0.54743883123239;0.2330991930671773;0.21946030381239356;0.4905494123878063;0.509450481477634
Newcastle Utd;2;3;Manchester City;13/01/2024;5.5;4.33;1.55;1.6;2.3;0.24631184988367263;0.21758171775584467;0.5361018871227711;0.5929388517528105;0.4070604854747941
Everton;0;0;Aston Villa;14/01/2024;2.8;3.5;2.45;1.73;2.08;0.303358563352092;0.2503056979108238;0.4463353141483523;0.4781037636630592;0.5218961524062752
Manchester Utd;2;2;Tottenham;14/01/2024;2.2;3.75;3.0;1.48;2.6;0.41287627474996597;0.23572575552268274;0.35139703718212584;0.5635971288959575;0.43640247758481465
Arsenal;5;0;Crystal Palace;20/01/2024;1.3;5.75;9.0;1.73;2.08;0.6580282990191341;0.19587714645255577;0.1460839822094387;0.5498970559187344;0.45010261995752593
Brentford;3;2;Nott'ham Forest;20/01/2024;1.91;3.6;4.0;1.86;2.04;0.6094648680468566;0.21414419069819;0.17638622095124454;0.5215689762173428;0.47843083028569644
Sheffield Utd;2;2;West Ham;21/01/2024;3.4;3.3;2.2;2.05;1.75;0.17160982706693903;0.20994691644097577;0.618437405077719;0.5327897348925767;0.4672100278597711
Bournemouth;0;4;Liverpool;21/01/2024;4.2;4.5;1.7;1.44;2.7;0.13101564347782532;0.17211577054625746;0.6968322906112836;0.6333380133459678;0.36666056257899626
Brighton;0;0;Wolves;22/01/2024;1.65;4.33;5.0;1.62;2.25;0.5838810335184559;0.2279455934655401;0.1881711552296416;0.4777052269164693;0.5222946876538508
Nott'ham Forest;1;2;Arsenal;30/01/2024;7.5;5.0;1.4;1.62;2.25;0.19037371190567134;0.2001155129344646;0.6094984315856816;0.6125385114905165;0.3874605095827927
Fulham;0;0;Everton;30/01/2024;2.45;3.2;3.0;2.05;1.75;0.5393664988365925;0.24070661975369761;0.2199257488746268;0.464212094301708;0.5357878389799775
Luton Town;4;0;Brighton;30/01/2024;4.2;4.2;1.75;1.65;2.2;0.2922717735306637;0.21543780189335082;0.49228495219042673;0.6488313106281315;0.3511668557717009
Crystal Palace;3;2;Sheffield Utd;30/01/2024;1.62;3.6;6.5;2.08;1.73;0.6904398544098626;0.19024326710062978;0.1193065026047816;0.5154878300893608;0.4845119942446535
Aston Villa;1;3;Newcastle Utd;30/01/2024;1.85;4.0;3.8;1.5;2.5;0.4452517126898441;0.23269351035702301;0.3220533552873899;0.5759069989499407;0.4240924928152894
Tottenham;3;2;Brentford;31/01/2024;1.67;4.2;4.75;1.5;2.5;0.5614016806416909;0.2137574033112253;0.22483487580262174;0.5930727274640076;0.4069265805681004
Manchester City;3;1;Burnley;31/01/2024;1.08;12.0;21.0;1.33;3.4;0.8620099167604596;0.09619322477805181;0.04145681868523397;0.6995776418896331;0.30041741596759125
Liverpool;4;1;Chelsea;31/01/2024;1.57;4.33;5.25;1.44;2.7;0.6371918384825975;0.2061108498696363;0.15669078590393143;0.5241789603822254;0.4758208353875968
West Ham;1;1;Bournemouth;01/02/2024;2.4;3.75;2.75;1.62;2.25;0.6303069590893312;0.1992789521040249;0.17040300663023658;0.5819968826379366;0.4180025440691454
Wolves;3;4;Manchester Utd;01/02/2024;2.63;3.6;2.55;1.75;2.05;0.3416437930402532;0.28294964951792506;0.3754065124583694;0.36380805602957245;0.6361919352199337
Everton;2;2;Tottenham;03/02/2024;3.0;3.6;2.25;1.62;2.25;0.27167378196992376;0.24027489952507938;0.4880502755372813;0.5111517524116406;0.48884808808827107
Newcastle Utd;4;4;Luton Town;03/02/2024;1.44;4.75;6.5;1.57;2.35;0.7098420314709541;0.1595516188435176;0.13052422846391423;0.7005556116037583;0.2994396713719386
Brighton;4;1;Crystal Palace;03/02/2024;1.7;4.0;4.75;1.73;2.08;0.5690008524599883;0.22732288667752737;0.20367380470963;0.5025966935412347;0.4974031695660539
Burnley;2;2;Fulham;03/02/2024;2.9;3.4;2.38;1.99;1.91;0.3392575357388921;0.2638439653485672;0.3968983461360097;0.43677455866321113;0.5632254021166101
Sheffield Utd;0;5;Aston Villa;03/02/2024;5.25;4.2;1.62;1.62;2.25;0.15002854645090602;0.1875115373474376;0.6624414996381673;0.5997385514348106;0.40026066114144043
Bournemouth;1;1;Nott'ham Forest;04/02/2024;1.7;4.2;4.5;1.65;2.2;0.45207574335192546;0.24104210899267176;0.30688130077253645;0.5282973622198746;0.4717024202961166
Manchester Utd;3;0;West Ham;04/02/2024;1.62;4.2;5.0;1.6;2.3;0.4931646243518356;0.24001812434899933;0.26681617241719;0.5088087065218998;0.4911911406344438
Chelsea;2;4;Wolves;04/02/2024;1.62;4.0;5.5;1.7;2.1;0.5580290168501155;0.2596985286483841;0.18227205041327388;0.3565240072703937;0.6434759852866603
Arsenal;3;1;Liverpool;04/02/2024;2.2;3.6;3.1;1.67;2.15;0.38103035127048346;0.23034327166715635;0.38862493763395267;0.600933137773225;0.3990660732058853
Brentford;1;3;Manchester City;05/02/2024;7.0;4.75;1.4;1.57;2.35;0.1881808104948732;0.20820477995966388;0.6036065701758483;0.5750671111811028;0.42493235887398706
Manchester City;2;0;Everton;10/02/2024;1.18;8.0;13.0;1.44;2.7;0.837385543136904;0.11172138484488726;0.05070483404665681;0.6640441349091155;0.3359531703543948
Luton Town;1;3;Sheffield Utd;10/02/2024;1.75;3.75;4.75;1.85;2.05;0.7716741424174692;0.1309817234241213;0.09706551828636781;0.762013752182525;0.2379705396689042
Liverpool;3;1;Burnley;10/02/2024;1.17;8.0;17.0;1.33;3.4;0.8137426052392305;0.12506762787850634;0.06106838473794764;0.6425379433229624;0.35746023430927865
Wolves;0;2;Brentford;10/02/2024;2.1;3.6;3.4;1.75;2.05;0.37336006913767616;0.2777932724484;0.34884659007462626;0.3908939400198658;0.6091060439745162
Fulham;3;1;Bournemouth;10/02/2024;2.38;3.5;2.8;1.73;2.08;0.5986979053721276;0.212051861079644;0.18924399838094683;0.5584387000131803;0.44156090621858257
Tottenham;2;1;Brighton;10/02/2024;1.8;4.2;3.8;1.4;2.88;0.5290831224525945;0.2109133471274157;0.25999506697883984;0.6525661940191085;0.34743173184884957
Nott'ham Forest;2;3;Newcastle Utd;10/02/2024;3.3;3.75;2.05;1.7;2.1;0.25193590364324703;0.22837447523892518;0.5196870232420685;0.5578379795825688;0.4421616326871016
West Ham;0;6;Arsenal;11/02/2024;6.0;4.33;1.53;1.67;2.15;0.29546285597800703;0.23195931478760698;0.47257598177250115;0.5735780557141068;0.42642143182634573
Aston Villa;1;2;Manchester Utd;11/02/2024;2.15;3.75;3.1;1.53;2.4;0.4849568256237916;0.23534375148227116;0.27969787518356193;0.5471189836544783;0.4528806968074621
Crystal Palace;1;3;Chelsea;12/02/2024;4.2;3.8;1.85;1.86;2.04;0.3298334440012024;0.2789768196565704;0.3911896716054787;0.3805123717335417;0.6194876155784728
Brentford;1;4;Liverpool;17/02/2024;5.5;4.33;1.57;1.48;2.6;0.2354463309615439;0.22593651139396467;0.5386142378705737;0.5495214649234585;0.4504782081821627
Newcastle Utd;2;2;Bournemouth;17/02/2024;1.83;4.2;3.75;1.48;2.6;0.7227920872265832;0.15940873613942746;0.11773355651267553;0.6672013043555959;0.33279601461549657
Tottenham;1;2;Wolves;17/02/2024;1.53;4.75;5.25;1.44;2.7;0.6126420663433365;0.2147817537210592;0.17257156095924536;0.5162440431026595;0.48375577685777404
Burnley;0;5;Arsenal;17/02/2024;10.0;5.75;1.29;1.57;2.35;0.18076768190436748;0.20870765535945518;0.6105176699933216;0.5575934113791082;0.44240620896435623
Fulham;1;2;Aston Villa;17/02/2024;2.9;3.75;2.2;1.6;2.3;0.3860803851823698;0.24307876058289532;0.37084024186190634;0.5389035311284265;0.461096199802954
Nott'ham Forest;2;0;West Ham;17/02/2024;2.38;3.5;2.9;1.89;2.01;0.34213083349552964;0.25061698103239805;0.4072517959308519;0.49925981790375507;0.5007400513530954
Manchester City;1;1;Chelsea;17/02/2024;1.33;5.5;8.0;1.44;2.7;0.7109422870292191;0.17354828187724622;0.11548337721138072;0.5867654515967238;0.41323390174267205
Sheffield Utd;0;5;Brighton;18/02/2024;5.0;4.2;1.62;1.57;2.35;0.15979804757780983;0.17945552729969053;0.6607105719917676;0.6652615428194547;0.3347358965961081
Luton Town;1;2;Manchester Utd;18/02/2024;4.0;4.0;1.8;1.57;2.35;0.33066175072707854;0.22150748903831816;0.4478274404800757;0.6409981654295834;0.3590001944844715
Everton;1;1;Crystal Palace;19/02/2024;1.7;3.6;5.25;2.1;1.7;0.3851118419458144;0.2860682419774139;0.32881987836593374;0.34856198729928295;0.6514380065032837
Manchester City;1;0;Brentford;20/02/2024;1.18;8.0;13.0;1.33;3.4;0.7634538723751546;0.1445888652112065;0.09186785484228031;0.6602336937992206;0.3397640125193513
Liverpool;4;1;Luton Town;21/02/2024;1.2;7.0;13.0;1.3;3.5;0.840256646015879;0.09820412366716214;0.06073000719818637;0.8028160265707112;0.19715069962615783
Manchester Utd;1;2;Fulham;24/02/2024;1.57;4.33;5.5;1.57;2.35;0.5255526310917575;0.23074345919542077;0.24370192423958287;0.5289462064638093;0.47105357668367476
Crystal Palace;3;0;Burnley;24/02/2024;1.95;3.5;4.0;2.1;1.7;0.5088335559512653;0.2609374522012686;0.230228657954227;0.39285202702135225;0.6071479569556973
Brighton;1;1;Everton;24/02/2024;1.83;3.8;4.2;1.65;2.2;0.6141584913898462;0.21201132203958042;0.1738250308913656;0.5251438246372142;0.47485597146619696
Aston Villa;4;2;Nott'ham Forest;24/02/2024;1.53;4.5;5.75;1.57;2.35;0.6489083199252427;0.192770649256585;0.15830670083161702;0.5886151310783482;0.4113842349289235
Bournemouth;0;1;Manchester City;24/02/2024;7.0;5.25;1.4;1.48;2.6;0.0898696045242657;0.1395173943095289;0.7704949059438663;0.6815070708465287;0.3184895795794471
Arsenal;4;1;Newcastle Utd;24/02/2024;1.36;5.25;8.0;1.48;2.6;0.5935245901475679;0.19485226268738853;0.2116035607577859;0.670480161033375;0.3295171904650477
Wolves;1;0;Sheffield Utd;25/02/2024;1.44;4.75;7.0;1.65;2.2;0.6820170914283314;0.19080002884982247;0.12717187134576952;0.5297110867960279;0.4702886896681546
West Ham;4;2;Brentford;26/02/2024;2.5;3.5;2.75;1.7;2.1;0.41701705150103285;0.25009073191747844;0.33289182004382195;0.49543189514156233;0.5045679855917605
Fulham;3;0;Brighton;02/03/2024;2.55;3.6;2.63;1.62;2.25;0.3872518222482722;0.2364853217231031;0.37626193795582685;0.5684470756246858;0.4315524796357756
Tottenham;3;1;Crystal Palace;02/03/2024;1.5;4.33;6.5;1.53;2.4;0.6008402216734736;0.21182750066579809;0.18732645899768086;0.550097724903085;0.44990195099080044
Brentford;2;2;Chelsea;02/03/2024;3.1;3.75;2.15;1.53;2.4;0.3881551196695088;0.2608817917914097;0.35096291131531915;0.450780208817602;0.5492197397459462
Newcastle Utd;3;0;Wolves;02/03/2024;1.91;4.0;3.6;1.57;2.35;0.5855287661067325;0.22549278271577614;0.18897584263089862;0.49090093762741105;0.5090989520298701
Nott'ham Forest;0;1;Liverpool;02/03/2024;6.0;4.33;1.53;1.48;2.6;0.1310958567574525;0.17367933353505527;0.6951917498126813;0.6256806004828622;0.3743181506094151
Everton;1;3;West Ham;02/03/2024;2.05;3.6;3.5;1.92;1.98;0.363277060288122;0.27057190292226674;0.36615094408180915;0.4112503158632519;0.5887496605307424
Luton Town;2;3;Aston Villa;02/03/2024;4.33;4.2;1.73;1.44;2.7;0.30363207428015077;0.2105888201962709;0.4857714221057472;0.6819680618339116;0.31802865013009163
Burnley;0;2;Bournemouth;03/03/2024;3.75;3.6;1.95;1.7;2.1;0.43396475334702156;0.25692890688906167;0.3091060528943382;0.4576369747927819;0.5423629665236283
Manchester City;3;1;Manchester Utd;03/03/2024;1.25;5.75;11.0;1.36;3.1;0.7310559719366702;0.16068756853161534;0.10820814025588735;0.6292087213122917;0.37078993872965627
Sheffield Utd;0;6;Arsenal;04/03/2024;17.0;7.0;1.18;1.4;2.88;0.06592374172185317;0.10972506185347922;0.8239298207227854;0.7569954337639089;0.24299066090107752
Manchester Utd;2;0;Everton;09/03/2024;1.83;3.6;4.0;1.67;2.15;0.587151699702876;0.22997484243133134;0.1828714622888964;0.46466257971464786;0.5353373525282696
Bournemouth;2;2;Sheffield Utd;09/03/2024;1.33;5.25;8.0;1.53;2.4;0.6490655905366945;0.19103859527232464;0.1598790720814085;0.6033979125847679;0.3966012442060568
Wolves;2;1;Fulham;09/03/2024;2.5;3.4;2.75;1.95;1.95;0.374152308643049;0.27530929520012615;0.3505383248368017;0.393437660543184;0.606562322991881
Crystal Palace;1;1;Luton Town;09/03/2024;1.75;3.8;4.2;1.75;2.05;0.5174485966646173;0.22180732919266774;0.2607403849855751;0.5918011452305099;0.40819817589151774
Arsenal;2;1;Brentford;09/03/2024;1.22;7.0;11.0;1.44;2.7;0.6676616688752443;0.17918363135701637;0.15312202439698297;0.6502841288286849;0.34971394230637287
Aston Villa;0;4;Tottenham;10/03/2024;2.38;4.0;2.6;1.36;3.1;0.44185984756377694;0.22394106321808188;0.3341964666529958;0.6268006789065036;0.37319806946686
West Ham;2;2;Burnley;10/03/2024;1.67;4.0;4.75;1.7;2.1;0.5975260884007605;0.2225213711630465;0.1799495334203599;0.49160451775692804;0.5083953697316432
Brighton;1;0;Nott'ham Forest;10/03/2024;1.8;4.0;4.0;1.62;2.25;0.6509700756720077;0.18905567087116568;0.15995528697912012;0.6136109032045038;0.38638808738572233
Liverpool;1;1;Manchester City;10/03/2024;3.0;3.75;2.2;1.5;2.5;0.4019140973630005;0.23960909979291678;0.35847603681017054;0.5520712627720079;0.4479284024628707
Chelsea;3;2;Newcastle Utd;11/03/2024;1.91;4.0;3.6;1.44;2.7;0.4415255231385318;0.24196457118159645;0.3165091625409909;0.5267999569884184;0.4731998329779337
Bournemouth;4;3;Luton Town;13/03/2024;1.5;4.75;5.75;1.44;2.7;0.4317391902702247;0.21887881231484366;0.3493784265828362;0.6566512461247864;0.3433466747527164
Luton Town;1;1;Nott'ham Forest;16/03/2024;2.8;3.5;2.45;1.67;2.15;0.5010308593940974;0.21616760697101872;0.28279634824831446;0.6369728073136055;0.3630257170947848
Burnley;2;1;Brentford;16/03/2024;3.25;3.6;2.15;1.75;2.05;0.2859768475308902;0.25447074739653736;0.4595520225902191;0.456426709585996;0.5435732333786737
Fulham;3;0;Tottenham;16/03/2024;3.5;3.8;1.95;1.48;2.6;0.3532918495570325;0.23082200871185243;0.4158847152931954;0.5938978893827951;0.40610141930359955
West Ham;1;1;Aston Villa;17/03/2024;2.63;3.75;2.45;1.57;2.35;0.39178400222549903;0.23714261775568124;0.37107251660565094;0.5636008436412523;0.43639875126638944
Newcastle Utd;4;3;West Ham;30/03/2024;1.83;4.2;3.8;1.5;2.5;0.5714294678894972;0.20876938267325224;0.21979291724333525;0.6116639674180315;0.38833507326410854
Bournemouth;2;1;Everton;30/03/2024;2.2;3.6;3.2;1.7;2.1;0.4212536906749345;0.2605224490688733;0.3182236466352489;0.4455588919404164;0.5544410615517625
Tottenham;2;1;Luton Town;30/03/2024;1.2;8.0;11.0;1.25;4.0;0.7216946610172088;0.14494047509108754;0.13312120125516605;0.788885631552161;0.21108976835018517
Nott'ham Forest;1;1;Crystal Palace;30/03/2024;2.2;3.3;3.4;2.08;1.73;0.3731566308411066;0.27052325670702415;0.35632001886298953;0.4112345853070324;0.5887653910964137
Sheffield Utd;3;3;Fulham;30/03/2024;4.5;4.0;1.73;1.65;2.2;0.16514318958946697;0.19133566799012108;0.643503900174019;0.6116436800495542;0.38835535286231193
Chelsea;2;2;Burnley;30/03/2024;1.29;6.0;9.5;1.48;2.6;0.6542374171598108;0.20664496089949047;0.13911227294496833;0.4877818377608522;0.5122180574772566
Aston Villa;2;0;Wolves;30/03/2024;1.6;4.33;5.0;1.57;2.35;0.5560398673769462;0.23783868355585108;0.20612011783990658;0.46084557559231293;0.5391543618322852
Brentford;1;1;Manchester Utd;30/03/2024;3.0;3.8;2.2;1.53;2.4;0.4128813460967054;0.2468188008967143;0.3402993724643434;0.5124629903363234;0.4875368466980946
Liverpool;2;1;Brighton;31/03/2024;1.36;5.5;7.5;1.36;3.1;0.6861315141107042;0.17364276597161643;0.14018735574835178;0.6487580624798888;0.35124006740934594
Manchester City;0;0;Arsenal;31/03/2024;1.91;3.8;3.8;1.7;2.1;0.5995396259010018;0.1990228941223482;0.20142321162219906;0.6355741182810031;0.3644244179400679
Newcastle Utd;1;1;Everton;02/04/2024;2.0;3.75;3.5;1.67;2.2;0.6481916031860822;0.19881918724237174;0.15297910747447238;0.5552570376521493;0.4447425919816341
Nott'ham Forest;3;1;Fulham;02/04/2024;2.7;3.4;2.63;1.8;2.0;0.32697487204594433;0.24952832824817028;0.4234963339489997;0.5027263174924905;0.49727354140879887
Bournemouth;1;0;Crystal Palace;02/04/2024;1.95;3.8;3.6;1.73;2.1;0.3751012562800737;0.26065985840897893;0.3642386920111158;0.459181693002911;0.5408182447511292
Burnley;1;1;Wolves;02/04/2024;2.45;3.6;2.75;1.84;2.06;0.35404913874243704;0.2906261820666615;0.35532464853413775;0.34428076301085353;0.65571923120744
West Ham;1;1;Tottenham;02/04/2024;3.3;4.2;1.95;1.33;3.4;0.35439027558482666;0.23062843746167505;0.41497967357745075;0.6023164851591956;0.3976826721731226
Arsenal;2;0;Luton Town;03/04/2024;1.1;10.0;19.0;1.25;4.0;0.8180444025333046;0.10654874928360383;0.07460737113089647;0.8183511747866266;0.18160056724036538
Brentford;0;0;Brighton;03/04/2024;2.38;3.8;2.75;1.57;2.38;0.4116992536329228;0.23924006374749088;0.34905980866294634;0.5574370016520848;0.4425626180893746
Manchester City;4;1;Aston Villa;03/04/2024;1.3;6.0;8.0;1.4;3.0;0.73247905751901;0.15834157542735416;0.10912023001069548;0.6479428193039019;0.3520552415904657
Liverpool;3;1;Sheffield Utd;04/04/2024;1.09;12.0;21.0;1.2;4.5;0.9378541502260889;0.04122083213247499;0.01570173896460059;0.8704504826355335;0.1293813400001708
Chelsea;4;3;Manchester Utd;04/04/2024;2.0;4.0;3.4;1.4;3.0;0.4677592474231712;0.2506953093972213;0.28154489201817234;0.47748322186071357;0.5225166899333382
Crystal Palace;2;4;Manchester City;06/04/2024;9.5;5.25;1.33;1.67;2.2;0.14015689558743974;0.20312086171358684;0.6567153596255709;0.509689749108528;0.49031008866297177
Luton Town;2;1;Bournemouth;06/04/2024;3.75;3.8;1.91;1.5;2.63;0.5131834471986221;0.20750494629130872;0.2793009101109452;0.6861799739555126;0.3138163039418458
Wolves;1;2;West Ham;06/04/2024;2.5;3.6;2.7;1.8;2.0;0.3835211229147356;0.2728431973293376;0.3436355873742908;0.40764341894292666;0.592356558565327
Fulham;0;1;Newcastle Utd;06/04/2024;2.38;3.8;2.8;1.5;2.63;0.38153739550821064;0.23130023453534684;0.38716089674949455;0.6017874651540297;0.3982117001490987
Everton;1;0;Burnley;06/04/2024;1.65;4.0;5.25;1.8;2.0;0.46189033416642405;0.2732444633967579;0.2648650492241441;0.38100436172621327;0.6189956253548975
Aston Villa;3;3;Brentford;06/04/2024;1.7;4.0;4.75;1.53;2.5;0.5130494015626972;0.2285861853995236;0.2583619142856466;0.5611892371274574;0.4388103551915489
Brighton;0;3;Arsenal;06/04/2024;5.0;4.33;1.62;1.62;2.3;0.3105816285703175;0.22266674471374923;0.466748285069381;0.627676677715618;0.3723220034830119
Manchester Utd;2;2;Liverpool;07/04/2024;4.75;4.5;1.6;1.33;3.4;0.253867817244642;0.23201408359927728;0.5141160886830333;0.5410012968399287;0.45899841922218454
Sheffield Utd;2;2;Chelsea;07/04/2024;7.0;5.25;1.4;1.4;3.0;0.13707703028838006;0.1785222426003568;0.6843726933873829;0.6195875838528322;0.3804112512017067
Tottenham;3;1;Nott'ham Forest;07/04/2024;1.4;5.5;6.5;1.4;3.0;0.6922149607054243;0.17413385739346202;0.13361628087896849;0.6336264917399872;0.36637201406286424
Newcastle Utd;4;0;Tottenham;13/04/2024;2.7;4.0;2.3;1.36;3.2;0.4613812098016003;0.22073269380948302;0.317881750569785;0.6506921281769332;0.3493057411380008
Manchester City;5;1;Luton Town;13/04/2024;1.1;11.0;19.0;1.29;3.75;0.881986618350256;0.07687414977155714;0.039659585253904686;0.8197825452757134;0.18016272577013037
Nott'ham Forest;2;2;Wolves;13/04/2024;2.1;3.4;3.5;1.86;2.04;0.3859949225516133;0.28286438848874407;0.3311406274030321;0.3795896810350255;0.6204103059759796
Brentford;2;0;Sheffield Utd;13/04/2024;1.44;5.0;6.5;1.53;2.5;0.766897635525953;0.13956345389241814;0.09339646601545935;0.7026681546193256;0.2973262936591506
Burnley;1;1;Brighton;13/04/2024;3.5;3.75;2.0;1.67;2.2;0.2596763198623329;0.24461413576500649;0.49570853558164235;0.4990242527395779;0.5009756079917059
Bournemouth;2;2;Manchester Utd;13/04/2024;2.4;3.9;2.6;1.44;2.75;0.28099655101566723;0.2368391368816563;0.48216275241200357;0.5493340583778108;0.4506655914453807
Liverpool;0;1;Crystal Palace;14/04/2024;1.22;7.0;12.0;1.4;3.0;0.7490192509093418;0.1601689814682748;0.09077519412953576;0.5838519543267806;0.4161473819265478
West Ham;0;2;Fulham;14/04/2024;2.38;3.6;2.8;1.67;2.2;0.4553084728005977;0.24115504930369638;0.3035354078860714;0.542351157131651;0.4576485344128647
Arsenal;0;2;Aston Villa;14/04/2024;1.29;5.75;10.0;1.5;2.63;0.6477656604173159;0.1846363382554429;0.16756693071376813;0.6624359426308677;0.33756140573253446
Chelsea;6;0;Everton;15/04/2024;1.7;4.2;4.5;1.53;2.5;0.599775779379682;0.23224363685816304;0.1679787423229455;0.44461707299057845;0.5553828784906445
Luton Town;1;5;Brentford;20/04/2024;3.1;3.75;2.15;1.57;2.38;0.35189424148438647;0.22533041764777295;0.4227726812741929;0.6355636059796;0.3644348091009328
Sheffield Utd;1;4;Burnley;20/04/2024;2.75;3.6;2.45;1.67;2.2;0.3204663028287556;0.24634334825962229;0.4331896913698573;0.5217412762101384;0.47825851645158923
Wolves;0;2;Arsenal;20/04/2024;8.5;4.5;1.4;1.62;2.3;0.2022275211564985;0.23389739510624588;0.5638731922939442;0.4839372910389228;0.5160626058131593
Everton;2;0;Nott'ham Forest;21/04/2024;2.05;3.5;3.6;1.93;1.97;0.4413819193234844;0.2696260590748041;0.2889918461247111;0.41195278744910613;0.588047187355927
Aston Villa;3;1;Bournemouth;21/04/2024;1.85;4.0;3.6;1.44;2.75;0.6638284268778977;0.18294619256668393;0.15319734272701102;0.6385027889458815;0.3614955188694943
Crystal Palace;5;2;West Ham;21/04/2024;2.1;3.6;3.4;1.8;2.0;0.4034814708223446;0.2644032297893008;0.33211511416880385;0.4461762355789067;0.5538237145539817
Fulham;1;3;Liverpool;21/04/2024;5.25;4.5;1.57;1.44;2.75;0.21930344894514903;0.22056145117392492;0.5601307073149233;0.5641558289455808;0.43584372293373813
Arsenal;5;0;Chelsea;23/04/2024;1.44;5.0;6.0;1.53;2.5;0.5966278883074873;0.20875709558065106;0.19460695568100714;0.5843693322159855;0.4156300336617716
Wolves;0;1;Bournemouth;24/04/2024;2.7;3.6;2.5;1.67;2.2;0.48922634263214726;0.2584058087721004;0.2523674346406871;0.4313357613657259;0.5686642017991861
Manchester Utd;4;2;Sheffield Utd;24/04/2024;1.3;6.5;7.5;1.36;3.2;0.8153632676874083;0.11541696855113492;0.06889734757449456;0.7388188294753445;0.26117070429209344
Everton;2;0;Liverpool;24/04/2024;7.0;5.0;1.4;1.53;2.5;0.14433404232985006;0.2064056958399777;0.6492540906125006;0.5068135927880708;0.49318625035872254
Crystal Palace;2;0;Newcastle Utd;24/04/2024;2.75;3.6;2.4;1.57;2.38;0.3189170807143053;0.2480651030107338;0.43301724835011296;0.5107157585533986;0.48928407443689637
Brighton;0;4;Manchester City;25/04/2024;6.5;5.0;1.4;1.5;2.63;0.20103751528304484;0.2088777180963087;0.5900764676181103;0.593448016269188;0.40655123912678154
West Ham;2;2;Liverpool;27/04/2024;5.5;5.0;1.5;1.36;3.2;0.20217358291920037;0.21052843385838305;0.5872904592619363;0.5870648946107397;0.41293444063008333
Wolves;2;1;Luton Town;27/04/2024;1.95;3.8;3.6;1.62;2.3;0.5042933077712843;0.2345005053344879;0.261204415929709;0.5394042244459728;0.4605954933915426
Fulham;1;1;Crystal Palace;27/04/2024;2.1;3.5;3.5;1.73;2.1;0.48308730705670005;0.25208107422934245;0.2648310435117055;0.4650744879242058;0.5349254410109774
Manchester Utd;1;1;Burnley;27/04/2024;1.5;4.75;5.5;1.36;3.2;0.6325620517607516;0.20793116545204907;0.15950024730388543;0.5290112654394045;0.4709884992147692
Newcastle Utd;5;1;Sheffield Utd;27/04/2024;1.22;7.0;11.0;1.33;3.4;0.8616180242247987;0.08784180724112775;0.049469919370399476;0.8091826585751645;0.19077555608870997
Everton;1;0;Brentford;27/04/2024;2.3;3.5;3.0;1.87;2.03;0.31619393729965;0.26871450571569533;0.41509140878128403;0.42243560408608777;0.5775643650881497
Aston Villa;2;2;Chelsea;27/04/2024;2.15;3.8;3.0;1.44;2.75;0.4374401213180444;0.2416338046543142;0.3209251985005015;0.5414753230930837;0.4585243844570343
Tottenham;2;3;Arsenal;28/04/2024;4.2;4.2;1.75;1.5;2.63;0.3397588526556118;0.22428367412955555;0.43595460893025906;0.6353098044877098;0.3646886454924484
Bournemouth;3;0;Brighton;28/04/2024;2.25;3.8;2.9;1.44;2.75;0.2838497363150956;0.23011720669062363;0.4860308125337499;0.5774002344187958;0.42259920853269217
Nott'ham Forest;0;2;Manchester City;28/04/2024;8.0;6.0;1.3;1.53;2.5;0.09860705265449764;0.1560731014183224;0.7452652120210586;0.6279151831352962;0.3720834184237478
Chelsea;2;0;Tottenham;02/05/2024;2.15;3.8;3.0;1.3;3.5;0.4507087916645231;0.23142828893248968;0.3178612546552584;0.5839208588982192;0.4160785419986644
Luton Town;1;1;Everton;03/05/2024;2.6;3.6;2.55;1.73;2.1;0.44388197972889143;0.23779133050463677;0.3183256332135359;0.5525188004115923;0.44748085661615167
Arsenal;3;0;Bournemouth;04/05/2024;1.22;7.5;11.0;1.33;3.4;0.8031949892910439;0.12160625240042389;0.07494326239774693;0.727429546240558;0.27256236081141993
Burnley;1;4;Newcastle Utd;04/05/2024;3.4;4.0;1.95;1.5;2.63;0.2457642572121168;0.22975754843161256;0.5244759187895504;0.5416598479448465;0.458339868929027
Sheffield Utd;1;3;Nott'ham Forest;04/05/2024;4.75;4.2;1.65;1.57;2.38;0.29693335262110143;0.22595621101237295;0.4771077827753106;0.6005568714008984;0.3994423245459263
Brentford;0;0;Fulham;04/05/2024;2.1;3.8;3.2;1.57;2.38;0.4757883993761134;0.24003579791101468;0.284174747279499;0.52405126186479;0.47594853249246616
Manchester City;5;1;Wolves;04/05/2024;1.08;12.0;21.0;1.3;3.5;0.8010970022969138;0.13658812200035048;0.06225329840982625;0.5846714349064853;0.41532792686268266
Brighton;1;0;Aston Villa;05/05/2024;2.75;3.75;2.45;1.5;2.63;0.44048865681168803;0.23038734988497458;0.3291222752421403;0.5938159105507559;0.4061833762076833
Chelsea;5;0;West Ham;05/05/2024;1.65;4.5;4.5;1.4;3.0;0.552055039241871;0.22237565587199717;0.22556569575780527;0.5550816701015673;0.44491796927241317
Liverpool;4;2;Tottenham;05/05/2024;1.5;5.75;5.0;1.25;4.0;0.6445882772945242;0.18484010871475381;0.17054302095061868;0.6585386415116977;0.3414590957301383
Crystal Palace;4;0;Manchester Utd;06/05/2024;2.38;3.75;2.8;1.53;2.5;0.36595696389607507;0.26228828877871446;0.3717545733986529;0.45229788153296546;0.5477020639157076
Fulham;0;4;Manchester City;11/05/2024;13.0;7.0;1.2;1.36;3.2;0.16150155723501852;0.19709503524394054;0.641391164352115;0.5804887232213745;0.41951069616947867
Wolves;1;3;Crystal Palace;11/05/2024;2.88;3.5;2.38;1.8;2.0;0.3855599665648962;0.2933333558652869;0.32110664793995186;0.3330894402371795;0.6669105552865817
West Ham;3;1;Luton Town;11/05/2024;1.8;4.2;3.8;1.44;2.75;0.5961239415123007;0.19123288685511985;0.21261548217017595;0.6979123090110559;0.30208306541730096
Tottenham;2;1;Burnley;11/05/2024;1.36;5.75;7.0;1.25;4.0;0.6914047608479915;0.17628337835634408;0.13228197510806178;0.6191892789542737;0.38080956211979317
Everton;1;0;Sheffield Utd;11/05/2024;1.4;4.8;7.5;1.53;2.5;0.6533611483631547;0.19455326069862616;0.15207269576228702;0.5737906919374267;0.42620879186201427
Newcastle Utd;1;1;Brighton;11/05/2024;1.57;4.75;4.75;1.33;3.4;0.536954128423111;0.2134299616626334;0.2496089870946473;0.628081564052676;0.3719171023951837
Bournemouth;1;2;Brentford;11/05/2024;1.95;4.0;3.5;1.44;2.75;0.3292962765006585;0.24564577049762668;0.4250573503676792;0.5215296510091879;0.47847014973408675
Nott'ham Forest;2;3;Chelsea;11/05/2024;3.4;3.8;2.0;1.5;2.63;0.26309350988980146;0.2415831782779148;0.4953222449846083;0.5050653569640247;0.4949344954229804
Manchester Utd;0;1;Arsenal;12/05/2024;7.0;5.5;1.36;1.36;3.2;0.29039762860526713;0.22850493846122935;0.48109508930239386;0.5861403219806671;0.4138590433495717
Aston Villa;3;3;Liverpool;13/05/2024;4.2;4.33;1.7;1.33;3.4;0.2801211360281071;0.22624867641208884;0.4936274010155064;0.5894895712681576;0.41050975866620815
Tottenham;0;2;Manchester City;14/05/2024;6.5;6.0;1.36;1.25;4.0;0.21529942055957602;0.20437661455727027;0.5803125475183183;0.6325490563473918;0.3674495046346637
Brighton;1;2;Chelsea;15/05/2024;3.3;4.0;1.95;1.4;3.0;0.411093277309687;0.2430831982030565;0.34582285981394123;0.5371833031632458;0.4628164335732763
Manchester Utd;3;2;Newcastle Utd;15/05/2024;2.75;4.0;2.3;1.33;3.4;0.4080895571121035;0.2326522782260397;0.35925680719399317;0.5920064274824288;0.407992873459023
Luton Town;2;4;Fulham;19/05/2024;2.9;3.9;2.2;1.44;2.75;0.3496342355077839;0.22227065604373694;0.42809207503550323;0.644581186899457;0.3554170475459825
Sheffield Utd;0;3;Tottenham;19/05/2024;7.0;6.0;1.33;1.22;4.33;0.12202540969719296;0.1468977421751128;0.7309065002823207;0.7501814513825912;0.24980631783235357
Manchester City;3;1;West Ham;19/05/2024;1.08;12.0;21.0;1.2;4.5;0.819076892582005;0.11590563270893178;0.06475881455939475;0.7141019949636462;0.28589153993916155
Arsenal;2;1;Everton;19/05/2024;1.18;8.0;12.0;1.36;3.2;0.7580752331785064;0.15532609180094048;0.08655711578521241;0.5875932399012032;0.41240609093500646
Brighton;0;2;Manchester Utd;19/05/2024;2.15;4.0;2.9;1.33;3.4;0.463603258548786;0.23621507541638334;0.3001803550516092;0.55334279231298;0.4466568554898437
Brentford;2;4;Newcastle Utd;19/05/2024;2.9;3.9;2.2;1.36;3.2;0.3832701187183328;0.2374127656600051;0.3793161816762045;0.569233320659239;0.43076621234751217
Chelsea;2;1;Bournemouth;19/05/2024;1.45;5.0;6.0;1.29;3.75;0.6701913067022548;0.18555724832716228;0.14423140350344274;0.6003570973429356;0.39964207849365496
Crystal Palace;5;0;Aston Villa;19/05/2024;1.85;4.33;3.6;1.4;3.0;0.37137749784582874;0.25379788523842817;0.37482431697351387;0.48929673145306735;0.5107031589930784
Liverpool;2;0;Wolves;19/05/2024;1.17;8.0;15.0;1.22;4.33;0.7496485017812644;0.1618380289708657;0.08848364945481067;0.562119732109736;0.43787984353093523
Burnley;1;2;Nott'ham Forest;19/05/2024;3.0;3.5;2.3;1.53;2.5;0.426518690590862;0.25806527910362564;0.31541575311832515;0.4607111636708146;0.5392887724388266
